1,292,81,0.00,0.00,0.00,0.00,99861,21.79,95.00
2,344,109,0.00,0.00,0.00,0.00,99858,21.79,95.00
3,384,136,0.00,0.00,0.00,0.00,99827,21.79,95.00
4,417,166,0.00,0.00,0.00,0.00,99829,21.80,95.00
5,452,194,0.00,0.00,0.00,0.00,99812,21.79,95.00
6,473,213,0.00,0.00,0.00,0.00,99794,21.79,95.00
7,478,221,0.00,0.00,0.00,0.00,99776,21.82,95.00
8,483,223,0.00,0.00,0.00,0.00,99749,21.83,95.00
9,481,219,0.00,0.00,0.00,0.00,99733,21.83,95.00
10,483,215,0.00,0.00,0.00,0.00,99696,21.83,95.00
11,480,207,0.00,0.00,0.00,0.00,99689,21.84,95.00
12,473,194,0.00,0.00,0.00,0.00,99672,21.84,95.00
13,462,180,0.00,0.00,0.00,0.00,99656,21.85,95.00
14,448,166,0.00,0.00,0.00,0.00,99653,21.85,95.00
15,430,151,0.00,0.00,0.00,0.00,99634,21.86,95.00
16,409,134,0.00,0.00,0.00,0.00,99633,21.84,95.00
17,385,118,0.00,0.00,0.00,0.00,99628,21.88,95.00
18,358,104,0.00,0.00,0.00,0.00,99615,21.89,95.00
19,335,92,0.00,0.00,0.00,0.00,99616,21.88,95.00
20,311,82,0.00,0.00,0.00,0.00,99625,21.88,95.00
21,292,73,0.00,0.00,0.00,0.00,99621,21.87,95.00
22,275,66,0.00,0.00,0.00,0.00,99625,21.88,95.00
23,261,60,0.00,0.00,0.00,0.00,99639,21.88,95.00
24,248,55,0.00,0.00,0.00,0.00,99638,21.90,95.00
25,234,52,0.00,0.00,0.00,0.00,99647,21.90,95.00
26,228,49,0.00,0.00,0.00,0.00,99639,21.88,95.00
27,211,46,0.00,33.02,0.00,0.07,99563,21.56,95.00
28,202,44,0.00,0.00,0.00,0.00,99637,21.88,95.00
29,196,42,0.00,0.00,0.00,0.00,99627,21.89,95.00
30,190,41,0.00,0.00,0.00,0.00,99604,21.89,95.00
31,184,40,0.00,0.00,0.00,0.00,99598,21.88,95.00
32,178,39,0.00,0.00,0.00,0.00,99565,21.88,95.00
33,174,39,0.00,0.00,0.00,0.00,99554,21.89,95.00
34,171,38,0.00,0.00,0.00,0.00,99550,21.90,95.00
35,167,38,0.00,0.00,0.00,0.00,99537,21.89,95.00
36,162,37,0.00,0.00,0.00,0.00,99530,21.89,95.00
37,159,37,0.00,0.00,0.00,0.00,99526,21.90,95.00
38,156,36,0.00,0.00,0.00,0.00,99528,21.90,95.00
39,153,36,0.00,0.00,0.00,0.00,99528,21.89,95.00
40,149,35,0.00,0.00,0.00,0.00,99518,21.90,95.00
41,149,35,0.00,0.00,0.00,0.00,99519,21.90,95.00
42,147,35,0.00,0.00,0.00,0.00,99510,21.90,95.00
43,146,34,0.00,0.00,0.00,0.00,99508,21.90,95.00
44,145,34,0.00,0.00,0.00,0.00,99505,21.90,95.00
45,145,35,0.00,0.00,0.00,0.00,99495,21.89,95.00
46,143,34,0.00,0.00,0.00,0.00,99501,21.89,95.00
47,142,34,0.00,0.00,0.00,0.00,99509,21.90,95.00
48,141,34,0.00,0.00,0.00,0.00,99505,21.90,95.00
49,140,33,0.00,0.00,0.00,0.00,99499,21.90,95.00
50,137,33,0.00,0.00,0.00,0.00,99493,21.90,95.00
51,137,33,0.00,0.00,0.00,0.00,99477,21.91,95.00
52,136,33,0.00,0.00,0.00,0.00,99461,21.88,95.00
53,134,32,0.00,0.00,0.00,0.00,99385,21.58,95.00
54,133,32,0.00,0.00,0.00,0.00,99444,21.88,95.00
55,132,32,0.00,0.00,0.00,0.00,99441,21.88,95.00
56,132,32,0.00,0.00,0.00,0.00,99428,21.88,95.00
57,132,32,0.00,0.00,0.00,0.00,99418,21.88,95.00
58,131,32,0.00,0.00,0.00,0.00,99406,21.88,95.00
59,130,32,0.00,0.00,0.00,0.00,99415,21.90,95.00
60,128,31,0.00,0.00,0.00,0.00,99409,21.88,95.00
61,128,31,0.00,0.00,0.00,0.00,99399,21.88,95.00
62,127,31,0.00,0.00,0.00,0.00,99392,21.89,95.00
63,125,30,0.00,0.00,0.00,0.00,99385,21.88,95.00
64,125,31,0.00,0.00,0.00,0.00,99386,21.88,95.00
65,125,30,0.00,0.00,0.00,0.00,99379,21.88,95.00
66,125,30,0.00,0.00,0.00,0.00,99377,21.88,95.00
67,124,30,0.00,0.00,0.00,0.00,99389,21.88,95.00
68,124,30,0.00,0.00,0.00,0.00,99382,21.86,95.00
69,123,30,0.00,0.00,0.00,0.00,99380,21.88,95.00
70,123,30,0.00,0.00,0.00,0.00,99372,21.88,95.00
71,121,29,0.00,0.00,0.00,0.00,99356,21.89,95.00
72,120,29,0.00,0.00,0.00,0.00,99358,21.88,95.00
73,120,29,0.00,0.00,0.00,0.00,99341,21.88,95.00
74,119,29,0.00,0.00,0.00,0.00,99331,21.86,95.00
75,120,29,0.00,0.00,0.00,0.00,99318,21.88,95.00
76,119,28,0.00,0.00,0.00,0.00,99320,21.86,95.00
77,119,28,0.00,0.00,0.00,0.00,99317,21.84,95.00
78,118,28,0.00,0.00,0.00,0.00,99328,21.86,95.00
79,118,28,348.28,348.28,149.41,0.72,99274,21.54,95.00
80,117,28,0.00,0.00,0.00,0.00,99360,21.85,95.00
81,116,28,0.00,0.00,0.00,0.00,99390,21.84,95.00
82,116,28,0.00,0.00,0.00,0.00,99405,21.84,95.00
83,116,28,0.00,0.00,0.00,0.00,99426,21.84,95.00
84,116,28,0.00,0.00,0.00,0.00,99444,21.84,95.00
85,116,28,0.00,0.00,0.00,0.00,99452,21.83,95.00
86,114,28,0.00,0.00,0.00,0.00,99457,21.83,95.00
87,113,27,0.00,0.00,0.00,0.00,99462,21.82,95.00
88,113,27,0.00,0.00,0.00,0.00,99461,21.83,95.00
89,114,27,0.00,0.00,0.00,0.00,99459,21.83,95.00
90,113,27,0.00,0.00,0.00,0.00,99450,21.82,95.00
91,113,27,0.00,0.00,0.00,0.00,99449,21.82,95.00
92,113,26,0.00,0.00,0.00,0.00,99443,21.82,95.00
93,113,26,0.00,0.00,0.00,0.00,99447,21.83,95.00
94,112,26,0.00,0.00,0.00,0.00,99439,21.82,95.00
95,112,26,0.00,0.00,0.00,0.00,99433,21.82,95.00
96,112,26,0.00,0.00,0.00,0.00,99431,21.82,95.00
97,112,27,0.00,0.00,0.00,0.00,99427,21.81,95.00
98,110,27,0.00,0.00,0.00,0.00,99425,21.82,95.00
99,110,27,0.00,0.00,0.00,0.00,99418,21.82,95.00
100,111,27,0.00,0.00,0.00,0.00,99420,21.81,95.00
101,111,27,0.00,0.00,0.00,0.00,99427,21.79,95.00
102,111,27,0.00,0.00,0.00,0.00,99421,21.79,95.00
103,110,27,0.00,0.00,0.00,0.00,99412,21.79,95.00
104,111,27,0.00,0.00,0.00,0.00,99407,21.79,95.00
105,110,27,256.94,-111638.74,110.23,-232.12,99326,21.48,95.00
106,111,27,0.00,0.00,0.00,0.00,99375,21.77,95.00
107,112,27,0.00,0.00,0.00,0.00,99360,21.79,95.00
108,112,27,0.00,0.00,0.00,0.00,99347,21.79,95.00
109,112,27,0.00,0.00,0.00,0.00,99331,21.77,95.00
110,112,27,0.00,0.00,0.00,0.00,99323,21.77,95.00
111,114,28,0.00,0.00,0.00,0.00,99314,21.77,95.00
112,114,28,0.00,0.00,0.00,0.00,99309,21.79,95.00
113,113,28,0.00,0.00,0.00,0.00,99308,21.77,95.00
114,114,28,0.00,0.00,0.00,0.00,99295,21.77,95.00
115,114,28,0.00,0.00,0.00,0.00,99279,21.79,95.00
116,113,28,0.00,0.00,0.00,0.00,99265,21.76,95.00
117,113,28,0.00,0.00,0.00,0.00,99245,21.77,95.00
118,113,28,0.00,0.00,0.00,0.00,99224,21.76,95.00
119,112,28,0.00,0.00,0.00,0.00,99221,21.76,95.00
120,112,27,0.00,0.00,0.00,0.00,99221,21.77,95.00
121,110,27,0.00,0.00,0.00,0.00,99224,21.77,95.00
122,111,27,0.00,0.00,0.00,0.00,99237,21.79,95.00
123,112,27,0.00,0.00,0.00,0.00,99246,21.79,95.00
124,112,27,0.00,0.00,0.00,0.00,99244,21.77,95.00
125,112,27,0.00,0.00,0.00,0.00,99238,21.79,95.00
126,110,27,0.00,0.00,0.00,0.00,99237,21.77,95.00
127,111,27,0.00,0.00,0.00,0.00,99242,21.77,95.00
128,111,27,0.00,0.00,0.00,0.00,99247,21.79,95.00
129,111,28,0.00,0.00,0.00,0.00,99261,21.79,95.00
130,111,28,0.00,0.00,0.00,0.00,99257,21.79,95.00
131,111,27,85.85,85.85,36.83,0.18,99190,21.48,95.00
132,111,28,0.00,0.00,0.00,0.00,99270,21.79,95.00
133,111,27,0.00,0.00,0.00,0.00,99271,21.79,95.00
134,111,27,0.00,0.00,0.00,0.00,99273,21.79,95.00
135,111,27,0.00,0.00,0.00,0.00,99276,21.79,95.00
136,110,27,0.00,0.00,0.00,0.00,99279,21.79,95.00
137,110,26,0.00,0.00,0.00,0.00,99289,21.79,95.00
138,111,26,0.00,0.00,0.00,0.00,99300,21.79,95.00
139,111,26,0.00,0.00,0.00,0.00,99318,21.79,95.00
140,111,26,0.00,0.00,0.00,0.00,99337,21.80,95.00
141,110,26,0.00,0.00,0.00,0.00,99356,21.80,95.00
142,111,26,0.00,0.00,0.00,0.00,99370,21.79,95.00
143,110,26,0.00,0.00,0.00,0.00,99391,21.81,95.00
144,110,26,0.00,0.00,0.00,0.00,99413,21.81,95.00
145,110,26,0.00,0.00,0.00,0.00,99428,21.82,95.00
146,109,26,0.00,0.00,0.00,0.00,99442,21.80,95.00
147,109,26,0.00,0.00,0.00,0.00,99464,21.79,95.00
148,109,25,0.00,0.00,0.00,0.00,99467,21.81,95.00
149,109,26,0.00,0.00,0.00,0.00,99472,21.80,95.00
150,110,26,0.00,0.00,0.00,0.00,99476,21.81,95.00
151,110,25,0.00,0.00,0.00,0.00,99480,21.82,95.00
152,110,25,0.00,0.00,0.00,0.00,99479,21.79,95.00
153,110,25,0.00,0.00,0.00,0.00,99487,21.82,95.00
154,110,25,0.00,0.00,0.00,0.00,99488,21.82,95.00
155,110,26,0.00,0.00,0.00,0.00,99478,21.82,95.00
156,110,25,0.00,0.00,0.00,0.00,99477,21.82,95.00
157,110,25,0.00,0.00,0.00,0.00,99398,21.51,95.00
158,110,25,0.00,0.00,0.00,0.00,99454,21.82,95.00
159,110,25,0.00,0.00,0.00,0.00,99449,21.82,95.00
160,110,25,0.00,0.00,0.00,0.00,99442,21.81,95.00
161,110,25,0.00,0.00,0.00,0.00,99445,21.82,95.00
162,109,25,0.00,0.00,0.00,0.00,99435,21.81,95.00
163,108,25,0.00,0.00,0.00,0.00,99422,21.82,95.00
164,108,25,0.00,0.00,0.00,0.00,99409,21.82,95.00
165,109,26,0.00,0.00,0.00,0.00,99418,21.82,95.00
166,109,26,0.00,0.00,0.00,0.00,99420,21.82,95.00
167,109,26,0.00,0.00,0.00,0.00,99420,21.81,95.00
168,109,25,0.00,0.00,0.00,0.00,99430,21.82,95.00
169,109,26,0.00,0.00,0.00,0.00,99456,21.82,95.00
170,109,25,0.00,0.00,0.00,0.00,99466,21.79,95.00
171,108,25,0.00,0.00,0.00,0.00,99488,21.80,95.00
172,108,25,0.00,0.00,0.00,0.00,99517,21.82,95.00
173,108,25,0.00,0.00,0.00,0.00,99536,21.82,95.00
174,107,25,0.00,0.00,0.00,0.00,99550,21.82,95.00
175,107,25,0.00,0.00,0.00,0.00,99568,21.82,95.00
176,108,25,0.00,0.00,0.00,0.00,99587,21.82,95.00
177,107,26,0.00,0.00,0.00,0.00,99595,21.83,95.00
178,107,26,0.00,0.00,0.00,0.00,99614,21.82,95.00
179,108,26,0.00,0.00,0.00,0.00,99624,21.84,95.00
180,107,26,0.00,0.00,0.00,0.00,99632,21.83,95.00
181,108,26,0.00,0.00,0.00,0.00,99650,21.84,95.00
182,107,26,0.00,0.00,0.00,0.00,99654,21.84,95.00
183,108,26,58135.11,58135.10,24939.62,120.87,99572,21.51,95.00
184,108,26,0.00,0.00,0.00,0.00,99650,21.85,95.00
185,108,26,0.00,0.00,0.00,0.00,99655,21.84,95.00
186,107,26,0.00,0.00,0.00,0.00,99648,21.84,95.00
187,108,26,0.00,0.00,0.00,0.00,99647,21.84,95.00
188,108,26,0.00,0.00,0.00,0.00,99642,21.85,95.00
189,108,26,0.00,0.00,0.00,0.00,99639,21.85,95.00
190,108,26,0.00,0.00,0.00,0.00,99629,21.85,95.00
191,108,26,0.00,0.00,0.00,0.00,99605,21.85,95.00
192,108,25,0.00,0.00,0.00,0.00,99605,21.88,95.00
193,106,25,0.00,0.00,0.00,0.00,99587,21.88,95.00
194,106,25,0.00,0.00,0.00,0.00,99588,21.88,95.00
195,105,25,0.00,0.00,0.00,0.00,99587,21.87,95.00
196,104,25,0.00,0.00,0.00,0.00,99597,21.88,95.00
197,104,24,0.00,0.00,0.00,0.00,99605,21.88,95.00
198,104,24,0.00,0.00,0.00,0.00,99615,21.88,95.00
199,104,25,0.00,0.00,0.00,0.00,99633,21.88,95.00
200,104,25,0.00,0.00,0.00,0.00,99643,21.89,95.00
201,104,24,0.00,0.00,0.00,0.00,99661,21.88,95.00
202,103,24,0.00,0.00,0.00,0.00,99664,21.88,95.00
203,104,24,0.00,0.00,0.00,0.00,99659,21.88,95.00
204,103,24,0.00,0.00,0.00,0.00,99668,21.88,95.00
205,104,24,0.00,0.00,0.00,0.00,99658,21.90,95.00
206,104,23,0.00,0.00,0.00,0.00,99651,21.89,95.00
207,104,24,0.00,0.00,0.00,0.00,99639,21.90,95.00
208,104,24,0.00,0.00,0.00,0.00,99630,21.89,95.00
209,104,24,253.52,253.51,108.76,0.53,99549,21.59,95.00
210,104,23,0.00,0.00,0.00,0.00,99618,21.90,95.00
211,104,24,0.00,0.00,0.00,0.00,99601,21.90,95.00
212,104,23,0.00,0.00,0.00,0.00,99585,21.91,95.00
213,104,24,0.00,0.00,0.00,0.00,99576,21.90,95.00
214,104,24,0.00,0.00,0.00,0.00,99574,21.90,95.00
215,102,24,0.00,0.00,0.00,0.00,99563,21.92,95.00
216,103,24,0.00,0.00,0.00,0.00,99556,21.90,95.00
217,104,24,0.00,0.00,0.00,0.00,99557,21.91,95.00
218,104,24,0.00,0.00,0.00,0.00,99551,21.92,95.00
219,104,24,0.00,0.00,0.00,0.00,99551,21.92,95.00
220,104,24,0.00,0.00,0.00,0.00,99557,21.92,95.00
221,104,24,0.00,0.00,0.00,0.00,99564,21.92,95.00
222,104,24,0.00,0.00,0.00,0.00,99560,21.93,95.00
223,102,24,0.00,0.00,0.00,0.00,99557,21.93,95.00
224,102,24,0.00,0.00,0.00,0.00,99569,21.93,95.00
225,104,24,0.00,0.00,0.00,0.00,99576,21.93,95.00
226,104,24,0.00,0.00,0.00,0.00,99584,21.93,95.00
227,104,24,0.00,0.00,0.00,0.00,99586,21.93,95.00
228,105,24,0.00,0.00,0.00,0.00,99583,21.93,95.00
229,105,24,0.00,0.00,0.00,0.00,99581,21.93,95.00
230,105,24,0.00,0.00,0.00,0.00,99568,21.94,95.00
231,104,24,0.00,0.00,0.00,0.00,99555,21.94,95.00
232,104,24,0.00,0.00,0.00,0.00,99565,21.95,95.00
233,105,24,0.00,0.00,0.00,0.00,99585,21.93,95.00
234,105,24,0.00,0.00,0.00,0.00,99616,21.96,95.00
235,105,24,33.02,33.01,14.16,0.07,99566,21.67,95.00
236,105,24,0.00,0.00,0.00,0.00,99647,21.96,95.00
237,104,24,0.00,0.00,0.00,0.00,99662,21.96,95.00
238,104,24,0.00,0.00,0.00,0.00,99682,21.95,95.00
239,105,24,0.00,0.00,0.00,0.00,99698,21.96,95.00
240,105,24,0.00,0.00,0.00,0.00,99712,21.96,95.00
241,104,24,0.00,0.00,0.00,0.00,99728,21.98,95.00
242,103,24,0.00,0.00,0.00,0.00,99737,21.96,95.00
243,104,24,0.00,0.00,0.00,0.00,99762,21.98,95.00
244,104,24,0.00,0.00,0.00,0.00,99779,21.98,95.00
245,105,24,0.00,0.00,0.00,0.00,99800,21.98,95.00
246,105,24,0.00,0.00,0.00,0.00,99829,21.98,95.00
247,105,24,0.00,0.00,0.00,0.00,99848,21.99,95.00
248,105,24,0.00,0.00,0.00,0.00,99869,21.99,95.00
249,103,24,0.00,0.00,0.00,0.00,99888,21.99,95.00
250,105,25,0.00,0.00,0.00,0.00,99897,22.00,95.00
251,103,24,0.00,0.00,0.00,0.00,99911,21.99,95.00
252,105,24,0.00,0.00,0.00,0.00,99916,21.99,95.00
253,105,24,0.00,0.00,0.00,0.00,99942,21.99,95.00
254,106,25,0.00,0.00,0.00,0.00,99948,21.99,95.00
255,106,25,0.00,0.00,0.00,0.00,99964,21.99,95.00
256,106,24,0.00,0.00,0.00,0.00,99986,21.99,95.00
257,104,24,0.00,0.00,0.00,0.00,99999,22.01,95.00
258,104,24,0.00,0.00,0.00,0.00,100012,22.01,95.00
259,105,24,0.00,0.00,0.00,0.00,100019,22.01,95.00
260,105,24,0.00,0.00,0.00,0.00,100022,22.02,95.00
261,105,25,0.00,0.00,0.00,0.00,99958,21.73,95.00
262,105,24,0.00,0.00,0.00,0.00,100034,22.02,95.00
263,106,24,0.00,0.00,0.00,0.00,100039,22.02,95.00
264,105,24,0.00,0.00,0.00,0.00,100040,22.05,95.00
265,106,24,0.00,0.00,0.00,0.00,100026,22.01,95.00
266,105,24,0.00,0.00,0.00,0.00,100028,22.02,95.00
267,105,24,0.00,0.00,0.00,0.00,100032,22.03,95.00
268,106,24,0.00,0.00,0.00,0.00,100044,22.03,95.00
269,106,24,0.00,0.00,0.00,0.00,100048,22.05,95.00
270,106,24,0.00,0.00,0.00,0.00,100057,22.05,95.00
271,106,24,0.00,0.00,0.00,0.00,100069,22.04,95.00
272,107,24,0.00,0.00,0.00,0.00,100077,22.06,95.00
273,106,24,0.00,0.00,0.00,0.00,100086,22.05,95.00
274,106,24,0.00,0.00,0.00,0.00,100088,22.05,95.00
275,106,24,0.00,0.00,0.00,0.00,100099,22.06,95.00
276,106,24,0.00,0.00,0.00,0.00,100101,22.04,95.00
277,106,25,0.00,0.00,0.00,0.00,100115,22.06,95.00
278,105,25,0.00,0.00,0.00,0.00,100135,22.05,95.00
279,106,25,0.00,0.00,0.00,0.00,100147,22.05,95.00
280,106,25,0.00,0.00,0.00,0.00,100173,22.05,95.00
281,105,24,0.00,0.00,0.00,0.00,100202,22.06,95.00
282,105,25,0.00,0.00,0.00,0.00,100230,22.06,95.00
283,105,25,0.00,0.00,0.00,0.00,100261,22.06,95.00
284,105,25,0.00,0.00,0.00,0.00,100301,22.06,95.00
285,106,25,0.00,0.00,0.00,0.00,100321,22.06,95.00
286,106,25,0.00,0.00,0.00,0.00,100351,22.08,95.00
287,106,25,771.16,771.16,330.83,1.60,100308,21.77,95.00
288,106,24,0.00,0.00,0.00,0.00,100397,22.06,95.00
289,106,25,0.00,0.00,0.00,0.00,100414,22.08,95.00
290,106,25,0.00,0.00,0.00,0.00,100437,22.08,95.00
291,106,25,0.00,0.00,0.00,0.00,100453,22.08,95.00
292,106,25,0.00,0.00,0.00,0.00,100466,22.06,95.00
293,105,24,0.00,0.00,0.00,0.00,100482,22.08,95.00
294,106,25,0.00,0.00,0.00,0.00,100496,22.11,95.00
295,106,25,0.00,0.00,0.00,0.00,100512,22.09,95.00
296,106,25,0.00,0.00,0.00,0.00,100526,22.09,95.00
297,105,25,0.00,0.00,0.00,0.00,100544,22.09,95.00
298,105,25,0.00,0.00,0.00,0.00,100576,22.11,95.00
299,106,25,0.00,0.00,0.00,0.00,100597,22.11,95.00
300,106,25,0.00,0.00,0.00,0.00,100611,22.11,95.00
301,106,25,0.00,0.00,0.00,0.00,100628,22.12,95.00
302,105,25,0.00,0.00,0.00,0.00,100657,22.11,95.00
303,105,25,0.00,0.00,0.00,0.00,100673,22.13,95.00
304,105,25,0.00,0.00,0.00,0.00,100693,22.13,95.00
305,105,25,0.00,0.00,0.00,0.00,100709,22.13,95.00
306,105,25,0.00,0.00,0.00,0.00,100715,22.14,95.00
307,105,25,0.00,0.00,0.00,0.00,100730,22.13,95.00
308,105,25,0.00,0.00,0.00,0.00,100745,22.16,95.00
309,106,25,0.00,0.00,0.00,0.00,100762,22.14,95.00
310,106,25,0.00,0.00,0.00,0.00,100772,22.16,95.00
311,106,25,0.00,0.00,0.00,0.00,100796,22.16,95.00
312,105,25,0.00,0.00,0.00,0.00,100810,22.16,95.00
313,105,25,6226.05,6226.04,2670.94,12.94,100756,21.84,95.00
314,105,25,0.00,0.00,0.00,0.00,100844,22.18,95.00
315,105,25,0.00,0.00,0.00,0.00,100866,22.19,95.00
316,105,25,0.00,0.00,0.00,0.00,100883,22.19,95.00
317,105,25,0.00,0.00,0.00,0.00,100893,22.21,95.00
318,105,25,0.00,0.00,0.00,0.00,100906,22.21,95.00
319,105,25,0.00,0.00,0.00,0.00,100917,22.22,95.00
320,105,25,0.00,0.00,0.00,0.00,100920,22.21,95.00
321,105,25,0.00,0.00,0.00,0.00,100929,22.22,95.00
322,105,25,0.00,0.00,0.00,0.00,100941,22.22,95.00
323,105,26,0.00,0.00,0.00,0.00,100955,22.23,95.00
324,105,25,0.00,0.00,0.00,0.00,100962,22.25,95.00
325,105,26,0.00,0.00,0.00,0.00,100967,22.25,95.00
326,105,25,0.00,0.00,0.00,0.00,100968,22.27,95.00
327,105,25,0.00,0.00,0.00,0.00,100969,22.27,95.00
328,105,29,0.00,0.00,0.00,0.00,100980,22.27,95.00
329,104,24,0.00,0.00,0.00,0.00,100980,22.29,95.00
330,103,24,0.00,0.00,0.00,0.00,100955,22.31,95.00
331,104,24,0.00,0.00,0.00,0.00,100967,22.32,95.00
332,104,24,0.00,0.00,0.00,0.00,100952,22.32,95.00
333,108,46,0.00,0.00,0.00,0.00,100969,22.31,95.00
334,115,29,0.00,0.00,0.00,0.00,100966,22.34,95.00
335,115,28,0.00,0.00,0.00,0.00,100959,22.33,95.00
336,114,28,0.00,0.00,0.00,0.00,100952,22.34,95.00
337,115,29,0.00,0.00,0.00,0.00,100947,22.35,95.00
338,116,29,0.00,0.00,0.00,0.00,100950,22.37,95.00
339,116,38,2996.42,-5698184.50,1285.44,-11847.48,100882,22.04,95.00
340,122,35,0.00,0.00,0.00,0.00,100955,22.37,95.00
341,130,88,0.00,0.00,0.00,0.00,100963,22.39,95.00
342,138,43,0.00,0.00,0.00,0.00,100949,22.39,95.00
343,144,161,0.00,0.00,0.00,0.00,100952,22.41,95.00
344,142,42,0.00,0.00,0.00,0.00,100954,22.40,95.00
345,140,41,0.00,0.00,0.00,0.00,100955,22.41,95.00
346,138,40,0.00,0.00,0.00,0.00,100960,22.42,95.00
347,135,39,0.00,0.00,0.00,0.00,100956,22.42,95.00
348,134,39,0.00,0.00,0.00,0.00,100953,22.44,95.00
349,133,38,0.00,0.00,0.00,0.00,100965,22.45,95.00
350,133,38,0.00,0.00,0.00,0.00,100952,22.48,95.00
351,133,38,0.00,0.00,0.00,0.00,100963,22.45,95.00
352,134,39,0.00,0.00,0.00,0.00,100966,22.46,95.00
353,136,40,0.00,0.00,0.00,0.00,100965,22.48,95.00
354,137,40,0.00,0.00,0.00,0.00,100959,22.50,95.00
355,143,42,0.00,0.00,0.00,0.00,100960,22.51,95.00
356,144,42,0.00,0.00,0.00,0.00,100969,22.48,95.00
357,146,43,0.00,0.00,0.00,0.00,100963,22.51,95.00
358,148,44,0.00,0.00,0.00,0.00,100967,22.51,95.00
359,147,44,0.00,0.00,0.00,0.00,100954,22.52,95.00
360,148,91,0.00,0.00,0.00,0.00,100961,22.53,95.00
361,147,152,0.00,0.00,0.00,0.00,100963,22.54,95.00
362,145,77,0.00,0.00,0.00,0.00,100967,22.55,95.00
363,143,272,0.00,0.00,0.00,0.00,100959,22.56,95.00
364,143,381,0.00,0.00,0.00,0.00,100970,22.56,95.00
365,143,364,1494.80,1494.80,641.26,3.11,100887,22.25,95.00
366,142,401,0.00,0.00,0.00,0.00,100968,22.56,95.00
367,140,471,0.00,0.00,0.00,0.00,100964,22.59,95.00
368,141,473,0.00,0.00,0.00,0.00,100961,22.59,95.00
369,140,478,0.00,0.00,0.00,0.00,100957,22.61,95.00
370,139,477,0.00,0.00,0.00,0.00,100960,22.61,95.00
371,138,480,0.00,0.00,0.00,0.00,100961,22.61,95.00
372,139,486,0.00,0.00,0.00,0.00,100962,22.62,95.00
373,139,489,0.00,0.00,0.00,0.00,100953,22.62,95.00
374,138,492,0.00,0.00,0.00,0.00,100963,22.63,95.00
375,138,486,0.00,0.00,0.00,0.00,100962,22.62,95.00
376,140,490,0.00,0.00,0.00,0.00,100958,22.63,95.00
377,141,494,0.00,0.00,0.00,0.00,100956,22.66,95.00
378,142,498,0.00,0.00,0.00,0.00,100957,22.66,95.00
379,142,501,0.00,0.00,0.00,0.00,100967,22.66,95.00
380,141,497,0.00,0.00,0.00,0.00,100962,22.67,95.00
381,141,496,0.00,0.00,0.00,0.00,100966,22.69,95.00
382,142,499,0.00,0.00,0.00,0.00,100961,22.70,95.00
383,143,503,0.00,0.00,0.00,0.00,100969,22.70,95.00
384,143,499,0.00,0.00,0.00,0.00,100959,22.71,95.00
385,142,503,0.00,0.00,0.00,0.00,100963,22.71,95.00
386,143,504,0.00,0.00,0.00,0.00,100955,22.73,95.00
387,143,502,0.00,0.00,0.00,0.00,100967,22.74,95.00
388,141,498,0.00,0.00,0.00,0.00,100960,22.74,95.00
389,144,501,0.00,0.00,0.00,0.00,100965,22.77,95.00
390,146,507,0.00,0.00,0.00,0.00,100960,22.77,95.00
391,146,502,0.00,0.00,0.00,0.00,100896,22.48,95.00
392,146,509,0.00,0.00,0.00,0.00,100963,22.77,95.00
393,147,507,0.00,0.00,0.00,0.00,100956,22.79,95.00
394,149,508,0.00,0.00,0.00,0.00,100960,22.78,95.00
395,148,508,0.00,0.00,0.00,0.00,100957,22.79,95.00
396,144,504,0.00,0.00,0.00,0.00,100958,22.80,95.00
397,139,502,0.00,0.00,0.00,0.00,100963,22.82,95.00
398,137,501,0.00,0.00,0.00,0.00,100953,22.82,95.00
399,135,500,0.00,0.00,0.00,0.00,100950,22.83,95.00
400,131,500,0.00,0.00,0.00,0.00,100956,22.84,95.00
401,128,503,0.00,0.00,0.00,0.00,100963,22.84,95.00
402,126,504,0.00,0.00,0.00,0.00,100951,22.85,95.00
403,130,499,0.00,0.00,0.00,0.00,100952,22.87,95.00
404,129,501,0.00,0.00,0.00,0.00,100956,22.88,95.00
405,129,500,0.00,0.00,0.00,0.00,100953,22.88,95.00
406,129,506,0.00,0.00,0.00,0.00,100954,22.90,95.00
407,126,500,0.00,0.00,0.00,0.00,100959,22.91,95.00
408,128,499,0.00,0.00,0.00,0.00,100956,22.92,95.00
409,128,504,0.00,0.00,0.00,0.00,100954,22.91,95.00
410,124,507,0.00,0.00,0.00,0.00,100959,22.94,95.00
411,123,497,0.00,0.00,0.00,0.00,100961,22.94,95.00
412,120,495,0.00,0.00,0.00,0.00,100962,22.96,95.00
413,119,505,0.00,0.00,0.00,0.00,100964,22.98,95.00
414,121,500,0.00,0.00,0.00,0.00,100968,22.99,95.00
415,121,506,0.00,0.00,0.00,0.00,100959,23.02,95.00
416,120,499,0.00,0.00,0.00,0.00,100963,23.02,95.00
417,119,503,85.96,85.96,36.88,0.18,100901,22.76,95.00
418,118,503,0.00,0.00,0.00,0.00,100969,23.06,95.00
419,118,505,0.00,0.00,0.00,0.00,100973,23.07,94.00
420,117,497,0.00,0.00,0.00,0.00,100972,23.09,94.00
421,117,504,0.00,0.00,0.00,0.00,100971,23.11,94.00
422,117,499,0.00,0.00,0.00,0.00,100967,23.10,93.00
423,116,499,0.00,0.00,0.00,0.00,100976,23.14,93.00
424,115,501,0.00,0.00,0.00,0.00,100975,23.14,93.00
425,114,500,0.00,0.00,0.00,0.00,100980,23.17,93.00
426,114,500,0.00,0.00,0.00,0.00,100980,23.18,93.00
427,114,497,0.00,0.00,0.00,0.00,100985,23.21,92.00
428,113,497,0.00,0.00,0.00,0.00,100989,23.21,93.00
429,113,504,0.00,0.00,0.00,0.00,100990,23.23,93.00
430,116,502,0.00,0.00,0.00,0.00,100982,23.25,93.00
431,115,504,0.00,0.00,0.00,0.00,100986,23.26,93.00
432,114,503,0.00,0.00,0.00,0.00,100992,23.29,92.00
433,114,500,0.00,0.00,0.00,0.00,101000,23.30,93.00
434,113,500,0.00,0.00,0.00,0.00,100994,23.31,92.00
435,112,499,0.00,0.00,0.00,0.00,100998,23.33,92.00
436,112,501,0.00,0.00,0.00,0.00,100994,23.34,93.00
437,111,503,0.00,0.00,0.00,0.00,100997,23.34,93.00
438,111,505,0.00,0.00,0.00,0.00,100994,23.36,93.00
439,110,503,0.00,0.00,0.00,0.00,100997,23.37,92.00
440,111,504,0.00,0.00,0.00,0.00,101005,23.39,92.00
441,112,502,0.00,0.00,0.00,0.00,101003,23.39,92.00
442,112,502,0.00,0.00,0.00,0.00,101001,23.42,92.00
443,111,499,135.67,135.66,58.20,0.28,100940,23.14,92.00
444,111,504,0.00,0.00,0.00,0.00,101007,23.45,92.00
445,110,501,0.00,0.00,0.00,0.00,101010,23.45,92.00
446,110,498,0.00,0.00,0.00,0.00,101010,23.47,92.00
447,109,500,0.00,0.00,0.00,0.00,101009,23.49,91.00
448,108,496,0.00,0.00,0.00,0.00,101012,23.49,92.00
449,108,503,0.00,0.00,0.00,0.00,101019,23.51,91.00
450,108,496,0.00,0.00,0.00,0.00,101017,23.52,91.00
451,107,496,0.00,0.00,0.00,0.00,101020,23.53,92.00
452,106,504,0.00,0.00,0.00,0.00,101020,23.54,92.00
453,106,496,0.00,0.00,0.00,0.00,101015,23.56,92.00
454,105,498,0.00,0.00,0.00,0.00,101016,23.58,92.00
455,105,503,0.00,0.00,0.00,0.00,101018,23.58,92.00
456,105,498,0.00,0.00,0.00,0.00,101017,23.58,92.00
457,104,500,0.00,0.00,0.00,0.00,101014,23.58,92.00
458,104,501,0.00,0.00,0.00,0.00,101013,23.59,92.00
459,103,499,0.00,0.00,0.00,0.00,101009,23.59,92.00
460,103,499,0.00,0.00,0.00,0.00,101021,23.61,93.00
461,103,500,0.00,0.00,0.00,0.00,101018,23.63,92.00
462,102,497,0.00,0.00,0.00,0.00,101020,23.63,93.00
463,103,499,0.00,0.00,0.00,0.00,101015,23.63,92.00
464,104,499,0.00,0.00,0.00,0.00,101014,23.63,92.00
465,104,500,0.00,0.00,0.00,0.00,101018,23.64,92.00
466,104,503,0.00,0.00,0.00,0.00,101014,23.67,91.00
467,104,501,0.00,0.00,0.00,0.00,101014,23.66,91.00
468,104,502,0.00,0.00,0.00,0.00,101016,23.67,91.00
469,104,500,13119.28,13119.27,5628.09,27.28,100952,23.39,91.00
470,104,497,0.00,0.00,0.00,0.00,101021,23.69,91.00
471,104,502,0.00,0.00,0.00,0.00,101021,23.71,91.00
472,103,496,0.00,0.00,0.00,0.00,101026,23.72,91.00
473,103,499,0.00,0.00,0.00,0.00,101024,23.74,91.00
474,102,503,0.00,0.00,0.00,0.00,101027,23.75,91.00
475,102,503,0.00,0.00,0.00,0.00,101037,23.74,91.00
476,101,504,0.00,0.00,0.00,0.00,101030,23.76,90.00
477,101,505,0.00,0.00,0.00,0.00,101034,23.77,91.00
478,101,501,0.00,0.00,0.00,0.00,101034,23.77,90.00
479,101,497,0.00,0.00,0.00,0.00,101030,23.79,90.00
480,101,497,0.00,0.00,0.00,0.00,101038,23.79,90.00
481,101,498,0.00,0.00,0.00,0.00,101030,23.79,90.00
482,101,503,0.00,0.00,0.00,0.00,101030,23.81,127.00
483,101,497,0.00,0.00,0.00,0.00,101029,23.82,90.00
484,101,504,0.00,0.00,0.00,0.00,101029,23.83,89.00
485,101,505,0.00,0.00,0.00,0.00,101027,23.83,89.00
486,101,496,0.00,0.00,0.00,0.00,101036,23.83,89.00
487,101,497,0.00,0.00,0.00,0.00,101038,23.84,89.00
488,101,499,0.00,0.00,0.00,0.00,101034,23.85,89.00
489,100,499,0.00,0.00,0.00,0.00,101026,23.85,89.00
490,101,504,0.00,0.00,0.00,0.00,101036,23.84,90.00
491,101,499,0.00,0.00,0.00,0.00,101029,23.87,90.00
492,101,497,0.00,0.00,0.00,0.00,101028,23.85,90.00
493,101,502,0.00,0.00,0.00,0.00,101029,23.87,90.00
494,101,502,46057.68,46057.68,19758.47,95.76,100959,23.57,90.00
495,101,503,0.00,0.00,0.00,0.00,101026,23.88,90.00
496,101,497,0.00,0.00,0.00,0.00,101027,23.88,90.00
497,100,498,0.00,0.00,0.00,0.00,101028,23.88,90.00
498,100,498,0.00,0.00,0.00,0.00,101030,23.88,90.00
499,100,501,0.00,0.00,0.00,0.00,101031,23.92,90.00
500,100,504,0.00,0.00,0.00,0.00,101028,23.91,90.00
501,100,503,0.00,0.00,0.00,0.00,101037,23.93,91.00
502,100,500,0.00,0.00,0.00,0.00,101034,23.93,90.00
503,100,503,0.00,0.00,0.00,0.00,101032,23.94,89.00
504,100,498,0.00,0.00,0.00,0.00,101034,23.96,89.00
505,100,499,0.00,0.00,0.00,0.00,101037,23.97,89.00
506,100,503,0.00,0.00,0.00,0.00,101033,23.97,89.00
507,100,503,0.00,0.00,0.00,0.00,101034,23.99,89.00
508,101,500,0.00,0.00,0.00,0.00,101045,23.99,89.00
509,101,500,0.00,0.00,0.00,0.00,101039,24.02,90.00
510,101,498,0.00,0.00,0.00,0.00,101047,24.03,90.00
511,101,501,0.00,0.00,0.00,0.00,101040,24.02,90.00
512,101,504,0.00,0.00,0.00,0.00,101038,24.04,91.00
513,101,501,0.00,0.00,0.00,0.00,101042,24.04,90.00
514,101,501,0.00,0.00,0.00,0.00,101043,24.05,90.00
515,101,500,0.00,0.00,0.00,0.00,101032,24.06,90.00
516,101,504,0.00,0.00,0.00,0.00,101037,24.07,90.00
517,101,500,0.00,0.00,0.00,0.00,101043,24.09,90.00
518,101,502,0.00,0.00,0.00,0.00,101043,24.08,90.00
519,101,504,0.00,0.00,0.00,0.00,101040,24.08,90.00
520,101,502,0.00,0.00,0.00,0.00,100967,23.83,90.00
521,100,507,0.00,0.00,0.00,0.00,101036,24.11,90.00
522,101,499,0.00,0.00,0.00,0.00,101034,24.13,91.00
523,102,507,0.00,0.00,0.00,0.00,101045,24.14,89.00
524,102,503,0.00,0.00,0.00,0.00,101051,24.15,90.00
525,102,500,0.00,0.00,0.00,0.00,101047,24.17,90.00
526,102,507,0.00,0.00,0.00,0.00,101050,24.18,90.00
527,102,500,0.00,0.00,0.00,0.00,101051,24.19,89.00
528,103,503,0.00,0.00,0.00,0.00,101053,24.21,89.00
529,103,501,0.00,0.00,0.00,0.00,101051,24.23,88.00
530,103,509,0.00,0.00,0.00,0.00,101051,24.24,89.00
531,102,505,0.00,0.00,0.00,0.00,101052,24.25,89.00
532,102,509,0.00,0.00,0.00,0.00,101053,24.26,89.00
533,102,509,0.00,0.00,0.00,0.00,101056,24.27,90.00
534,102,503,0.00,0.00,0.00,0.00,101051,24.27,89.00
535,103,508,0.00,0.00,0.00,0.00,101052,24.28,89.00
536,103,502,0.00,0.00,0.00,0.00,101055,24.28,89.00
537,103,507,0.00,0.00,0.00,0.00,101052,24.28,89.00
538,103,502,0.00,0.00,0.00,0.00,101054,24.31,89.00
539,103,507,0.00,0.00,0.00,0.00,101054,24.31,90.00
540,103,508,0.00,0.00,0.00,0.00,101054,24.32,91.00
541,103,504,0.00,0.00,0.00,0.00,101056,24.34,91.00
542,103,504,0.00,0.00,0.00,0.00,101050,24.34,91.00
543,103,504,0.00,0.00,0.00,0.00,101052,24.34,91.00
544,103,502,0.00,0.00,0.00,0.00,101055,24.34,91.00
545,103,506,0.00,0.00,0.00,0.00,101060,24.37,91.00
546,103,505,25330.38,25330.37,10866.58,52.67,100988,24.07,91.00
547,103,509,0.00,0.00,0.00,0.00,101056,24.36,91.00
548,103,507,0.00,0.00,0.00,0.00,101059,24.36,91.00
549,103,508,0.00,0.00,0.00,0.00,101056,24.38,91.00
550,102,503,0.00,0.00,0.00,0.00,101052,24.39,91.00
551,102,505,0.00,0.00,0.00,0.00,101060,24.39,91.00
552,102,501,0.00,0.00,0.00,0.00,101052,24.39,90.00
553,102,508,0.00,0.00,0.00,0.00,101050,24.39,91.00
554,102,507,0.00,0.00,0.00,0.00,101053,24.39,90.00
555,102,502,0.00,0.00,0.00,0.00,101049,24.41,90.00
556,102,504,0.00,0.00,0.00,0.00,101057,24.42,90.00
557,102,506,0.00,0.00,0.00,0.00,101058,24.44,90.00
558,103,504,0.00,0.00,0.00,0.00,101053,24.44,90.00
559,103,509,0.00,0.00,0.00,0.00,101055,24.45,90.00
560,103,501,0.00,0.00,0.00,0.00,101055,24.45,90.00
561,103,503,0.00,0.00,0.00,0.00,101055,24.46,90.00
562,103,503,0.00,0.00,0.00,0.00,101050,24.48,90.00
563,103,506,0.00,0.00,0.00,0.00,101055,24.48,90.00
564,103,509,0.00,0.00,0.00,0.00,101052,24.48,90.00
565,103,501,0.00,0.00,0.00,0.00,101052,24.48,90.00
566,104,505,0.00,0.00,0.00,0.00,101050,24.50,90.00
567,104,506,0.00,0.00,0.00,0.00,101053,24.52,90.00
568,105,509,0.00,0.00,0.00,0.00,101055,24.52,90.00
569,105,504,0.00,0.00,0.00,0.00,101052,24.52,90.00
570,106,511,0.00,0.00,0.00,0.00,101051,24.53,90.00
571,106,510,0.00,0.00,0.00,0.00,100993,24.27,90.00
572,106,507,0.00,0.00,0.00,0.00,101048,24.53,90.00
573,105,506,0.00,0.00,0.00,0.00,101051,24.56,89.00
574,105,510,0.00,0.00,0.00,0.00,101056,24.57,89.00
575,105,505,0.00,0.00,0.00,0.00,101058,24.58,89.00
576,106,509,0.00,0.00,0.00,0.00,101053,24.59,89.00
577,105,505,0.00,0.00,0.00,0.00,101053,24.59,89.00
578,105,506,0.00,0.00,0.00,0.00,101050,24.59,89.00
579,104,502,0.00,0.00,0.00,0.00,101055,24.61,89.00
580,104,506,0.00,0.00,0.00,0.00,101055,24.62,89.00
581,104,502,0.00,0.00,0.00,0.00,101057,24.64,89.00
582,103,507,0.00,0.00,0.00,0.00,101055,24.64,89.00
583,103,507,0.00,0.00,0.00,0.00,101060,24.64,89.00
584,103,505,0.00,0.00,0.00,0.00,101057,24.66,89.00
585,102,505,0.00,0.00,0.00,0.00,101058,24.67,89.00
586,102,508,0.00,0.00,0.00,0.00,101062,24.68,89.00
587,102,501,0.00,0.00,0.00,0.00,101060,24.69,89.00
588,102,504,0.00,0.00,0.00,0.00,101059,24.70,89.00
589,101,501,0.00,0.00,0.00,0.00,101060,24.71,89.00
590,101,506,0.00,0.00,0.00,0.00,101062,24.73,89.00
591,101,509,0.00,0.00,0.00,0.00,101067,24.73,89.00
592,101,509,0.00,0.00,0.00,0.00,101058,24.74,89.00
593,102,510,0.00,0.00,0.00,0.00,101064,24.74,89.00
594,102,504,0.00,0.00,0.00,0.00,101061,24.76,89.00
595,102,503,0.00,0.00,0.00,0.00,101055,24.78,89.00
596,102,506,0.00,0.00,0.00,0.00,101065,24.77,89.00
597,102,505,0.00,0.00,0.00,0.00,101000,24.52,89.00
598,102,507,0.00,0.00,0.00,0.00,101066,24.79,89.00
599,102,507,0.00,0.00,0.00,0.00,101066,24.81,89.00
600,102,510,0.00,0.00,0.00,0.00,101067,24.82,89.00
601,102,511,0.00,0.00,0.00,0.00,101064,24.82,89.00
602,102,508,0.00,0.00,0.00,0.00,101071,24.84,88.00
603,102,504,0.00,0.00,0.00,0.00,101069,24.85,88.00
604,102,510,0.00,0.00,0.00,0.00,101066,24.86,88.00
605,102,503,0.00,0.00,0.00,0.00,101068,24.88,88.00
606,102,504,0.00,0.00,0.00,0.00,101074,24.89,89.00
607,102,505,0.00,0.00,0.00,0.00,101077,24.90,89.00
608,101,507,0.00,0.00,0.00,0.00,101072,24.90,89.00
609,101,510,0.00,0.00,0.00,0.00,101066,24.91,89.00
610,101,503,0.00,0.00,0.00,0.00,101069,24.92,89.00
611,101,507,0.00,0.00,0.00,0.00,101073,24.92,89.00
612,101,509,0.00,0.00,0.00,0.00,101071,24.93,89.00
613,101,510,0.00,0.00,0.00,0.00,101065,24.95,89.00
614,101,509,0.00,0.00,0.00,0.00,101069,24.96,89.00
615,101,505,0.00,0.00,0.00,0.00,101061,24.96,89.00
616,101,507,0.00,0.00,0.00,0.00,101069,24.98,89.00
617,101,508,0.00,0.00,0.00,0.00,101078,24.96,89.00
618,101,504,0.00,0.00,0.00,0.00,101069,24.98,89.00
619,101,508,0.00,0.00,0.00,0.00,101071,25.00,89.00
620,101,507,0.00,0.00,0.00,0.00,101066,25.00,89.00
621,101,511,0.00,0.00,0.00,0.00,101067,25.01,89.00
622,101,509,0.00,0.00,0.00,0.00,101070,25.01,89.00
623,101,509,0.00,0.00,0.00,0.00,101009,24.77,89.00
624,101,509,0.00,0.00,0.00,0.00,101073,25.04,89.00
625,101,503,0.00,0.00,0.00,0.00,101068,25.04,89.00
626,101,507,0.00,0.00,0.00,0.00,101070,25.04,89.00
627,101,510,0.00,0.00,0.00,0.00,101066,25.06,89.00
628,101,512,0.00,0.00,0.00,0.00,101065,25.06,89.00
629,101,511,0.00,0.00,0.00,0.00,101071,25.07,89.00
630,101,508,0.00,0.00,0.00,0.00,101069,25.09,89.00
631,101,507,0.00,0.00,0.00,0.00,101071,25.09,89.00
632,101,508,0.00,0.00,0.00,0.00,101068,25.08,89.00
633,101,506,0.00,0.00,0.00,0.00,101068,25.10,89.00
634,101,505,0.00,0.00,0.00,0.00,101069,25.12,89.00
635,101,511,0.00,0.00,0.00,0.00,101073,25.13,89.00
636,101,506,0.00,0.00,0.00,0.00,101073,25.14,89.00
637,101,509,0.00,0.00,0.00,0.00,101068,25.14,89.00
638,101,509,0.00,0.00,0.00,0.00,101068,25.15,88.00
639,101,508,0.00,0.00,0.00,0.00,101079,25.16,88.00
640,101,508,0.00,0.00,0.00,0.00,101071,25.17,88.00
641,101,508,0.00,0.00,0.00,0.00,101077,25.18,88.00
642,101,508,0.00,0.00,0.00,0.00,101073,25.17,88.00
643,101,510,0.00,0.00,0.00,0.00,101074,25.19,88.00
644,101,503,0.00,0.00,0.00,0.00,101071,25.19,88.00
645,101,512,0.00,0.00,0.00,0.00,101072,25.20,88.00
646,101,504,0.00,0.00,0.00,0.00,101076,25.21,88.00
647,101,507,0.00,0.00,0.00,0.00,101075,25.21,88.00
648,101,503,0.00,0.00,0.00,0.00,101007,24.98,88.00
649,101,504,0.00,0.00,0.00,0.00,101073,25.26,88.00
650,101,506,0.00,0.00,0.00,0.00,101074,25.26,88.00
651,101,507,0.00,0.00,0.00,0.00,101073,25.26,88.00
652,101,507,0.00,0.00,0.00,0.00,101080,25.27,88.00
653,101,511,0.00,0.00,0.00,0.00,101075,25.27,88.00
654,101,510,0.00,0.00,0.00,0.00,101071,25.27,88.00
655,101,505,0.00,0.00,0.00,0.00,101066,25.29,88.00
656,101,512,0.00,0.00,0.00,0.00,101077,25.32,89.00
657,101,506,0.00,0.00,0.00,0.00,101081,25.31,88.00
658,101,512,0.00,0.00,0.00,0.00,101076,25.32,88.00
659,101,509,0.00,0.00,0.00,0.00,101078,25.34,88.00
660,101,510,0.00,0.00,0.00,0.00,101073,25.34,88.00
661,101,505,0.00,0.00,0.00,0.00,101078,25.35,88.00
662,101,508,0.00,0.00,0.00,0.00,101079,25.35,88.00
663,101,509,0.00,0.00,0.00,0.00,101079,25.36,88.00
664,101,505,0.00,0.00,0.00,0.00,101087,25.37,88.00
665,101,508,0.00,0.00,0.00,0.00,101087,25.38,88.00
666,101,511,0.00,0.00,0.00,0.00,101076,25.38,88.00
667,101,505,0.00,0.00,0.00,0.00,101082,25.40,88.00
668,101,508,0.00,0.00,0.00,0.00,101081,25.40,88.00
669,101,508,0.00,0.00,0.00,0.00,101078,25.41,88.00
670,101,507,0.00,0.00,0.00,0.00,101082,25.42,87.00
671,101,509,0.00,0.00,0.00,0.00,101077,25.43,88.00
672,100,506,0.00,0.00,0.00,0.00,101083,25.45,88.00
673,101,509,0.00,0.00,0.00,0.00,101079,25.45,88.00
674,100,507,0.00,0.00,0.00,0.00,101013,25.21,87.00
675,101,507,0.00,0.00,0.00,0.00,101077,25.46,87.00
676,100,512,0.00,0.00,0.00,0.00,101083,25.48,87.00
677,101,508,0.00,0.00,0.00,0.00,101081,25.51,86.00
678,101,507,0.00,0.00,0.00,0.00,101078,25.52,86.00
679,101,506,0.00,0.00,0.00,0.00,101070,25.54,87.00
680,101,511,0.00,0.00,0.00,0.00,101068,25.56,86.00
681,101,509,0.00,0.00,0.00,0.00,101062,25.56,86.00
682,101,513,0.00,0.00,0.00,0.00,101051,25.59,85.00
683,101,513,0.00,0.00,0.00,0.00,101046,25.60,85.00
684,100,506,0.00,0.00,0.00,0.00,101033,25.63,85.00
685,100,509,0.00,0.00,0.00,0.00,101024,25.63,85.00
686,100,509,0.00,0.00,0.00,0.00,101016,25.66,85.00
687,100,506,0.00,0.00,0.00,0.00,101007,25.66,85.00
688,100,509,0.00,0.00,0.00,0.00,100993,25.66,85.00
689,100,513,0.00,0.00,0.00,0.00,100978,25.69,85.00
690,99,509,0.00,0.00,0.00,0.00,100962,25.69,85.00
691,99,509,0.00,0.00,0.00,0.00,100945,25.69,85.00
692,98,506,0.00,0.00,0.00,0.00,100924,25.69,85.00
693,98,506,0.00,0.00,0.00,0.00,100900,25.71,85.00
694,99,509,0.00,0.00,0.00,0.00,100883,25.71,85.00
695,99,509,0.00,0.00,0.00,0.00,100855,25.71,86.00
696,99,507,0.00,0.00,0.00,0.00,100832,25.71,86.00
697,100,508,0.00,0.00,0.00,0.00,100801,25.74,86.00
698,100,506,0.00,0.00,0.00,0.00,100760,25.74,86.00
699,100,509,0.00,0.00,0.00,0.00,100734,25.74,86.00
700,101,510,0.00,0.00,0.00,0.00,100645,25.49,86.00
701,102,508,0.00,0.00,0.00,0.00,100674,25.74,86.00
702,101,509,0.00,0.00,0.00,0.00,100658,25.74,86.00
703,102,511,0.00,0.00,0.00,0.00,100645,25.74,86.00
704,102,507,0.00,0.00,0.00,0.00,100630,25.73,86.00
705,102,509,0.00,0.00,0.00,0.00,100614,25.74,86.00
706,102,507,0.00,0.00,0.00,0.00,100598,25.73,86.00
707,102,508,0.00,0.00,0.00,0.00,100579,25.74,87.00
708,102,510,0.00,0.00,0.00,0.00,100565,25.72,86.00
709,102,505,0.00,0.00,0.00,0.00,100546,25.71,86.00
710,101,507,0.00,0.00,0.00,0.00,100531,25.72,86.00
711,102,507,0.00,0.00,0.00,0.00,100512,25.71,86.00
712,102,507,0.00,0.00,0.00,0.00,100491,25.71,86.00
713,102,509,0.00,0.00,0.00,0.00,100478,25.71,87.00
714,103,505,0.00,0.00,0.00,0.00,100468,25.68,87.00
715,103,507,0.00,0.00,0.00,0.00,100449,25.67,87.00
716,104,510,0.00,0.00,0.00,0.00,100424,25.66,87.00
717,103,506,0.00,0.00,0.00,0.00,100405,25.66,87.00
718,103,503,0.00,0.00,0.00,0.00,100387,25.65,88.00
719,103,509,0.00,0.00,0.00,0.00,100363,25.65,88.00
720,103,504,0.00,0.00,0.00,0.00,100346,25.63,88.00
721,103,504,0.00,0.00,0.00,0.00,100324,25.63,88.00
722,103,508,0.00,0.00,0.00,0.00,100305,25.63,88.00
723,103,508,0.00,0.00,0.00,0.00,100285,25.61,88.00
724,103,507,0.00,0.00,0.00,0.00,100265,25.60,88.00
725,104,509,0.00,0.00,0.00,0.00,100247,25.59,88.00
726,104,508,0.00,0.00,0.00,0.00,100183,25.35,88.00
727,104,506,0.00,0.00,0.00,0.00,100229,25.59,88.00
728,104,505,0.00,0.00,0.00,0.00,100212,25.59,88.00
729,105,504,0.00,0.00,0.00,0.00,100198,25.60,88.00
730,104,507,0.00,0.00,0.00,0.00,100183,25.59,88.00
731,104,507,0.00,0.00,0.00,0.00,100157,25.58,88.00
732,104,506,0.00,0.00,0.00,0.00,100136,25.58,88.00
733,104,507,0.00,0.00,0.00,0.00,100116,25.54,88.00
734,103,502,0.00,0.00,0.00,0.00,100102,25.54,88.00
735,104,503,0.00,0.00,0.00,0.00,100082,25.54,88.00
736,104,505,0.00,0.00,0.00,0.00,100069,25.53,88.00
737,104,506,0.00,0.00,0.00,0.00,100055,25.51,88.00
738,104,500,0.00,0.00,0.00,0.00,100049,25.51,88.00
739,104,506,0.00,0.00,0.00,0.00,100036,25.49,88.00
740,104,502,0.00,0.00,0.00,0.00,100028,25.49,88.00
741,103,502,0.00,0.00,0.00,0.00,100003,25.48,88.00
742,103,506,0.00,0.00,0.00,0.00,99990,25.48,89.00
743,103,502,0.00,0.00,0.00,0.00,99990,25.46,89.00
744,103,505,0.00,0.00,0.00,0.00,99995,25.44,89.00
745,103,503,0.00,0.00,0.00,0.00,99997,25.43,89.00
746,102,503,0.00,0.00,0.00,0.00,100004,25.43,89.00
747,103,503,0.00,0.00,0.00,0.00,99996,25.40,89.00
748,103,502,0.00,0.00,0.00,0.00,99999,25.40,89.00
749,103,500,0.00,0.00,0.00,0.00,100004,25.38,89.00
750,104,502,0.00,0.00,0.00,0.00,100000,25.38,89.00
751,104,505,0.00,0.00,0.00,0.00,99994,25.36,89.00
752,103,501,0.00,0.00,0.00,0.00,99935,25.13,89.00
753,103,503,0.00,0.00,0.00,0.00,99994,25.35,89.00
754,103,500,0.00,0.00,0.00,0.00,99985,25.35,89.00
755,103,501,0.00,0.00,0.00,0.00,99977,25.33,89.00
756,103,500,0.00,0.00,0.00,0.00,99974,25.32,90.00
757,103,502,0.00,0.00,0.00,0.00,99963,25.31,90.00
758,103,504,0.00,0.00,0.00,0.00,99968,25.28,90.00
759,104,505,0.00,0.00,0.00,0.00,99982,25.29,90.00
760,104,502,0.00,0.00,0.00,0.00,99983,25.28,90.00
761,104,505,0.00,0.00,0.00,0.00,99995,25.27,90.00
762,104,500,0.00,0.00,0.00,0.00,100010,25.26,90.00
763,104,501,0.00,0.00,0.00,0.00,100024,25.26,90.00
764,104,504,0.00,0.00,0.00,0.00,100027,25.25,89.00
765,103,509,0.00,0.00,0.00,0.00,100052,25.25,89.00
766,102,503,0.00,0.00,0.00,0.00,100058,25.23,89.00
767,102,503,0.00,0.00,0.00,0.00,100077,25.21,89.00
768,102,503,0.00,0.00,0.00,0.00,100078,25.23,89.00
769,101,501,0.00,0.00,0.00,0.00,100095,25.20,89.00
770,101,504,0.00,0.00,0.00,0.00,100091,25.21,89.00
771,101,504,0.00,0.00,0.00,0.00,100098,25.18,89.00
772,102,504,0.00,0.00,0.00,0.00,100095,25.18,89.00
773,102,501,0.00,0.00,0.00,0.00,100089,25.17,89.00
774,103,504,0.00,0.00,0.00,0.00,100067,25.17,89.00
775,103,504,0.00,0.00,0.00,0.00,100052,25.16,89.00
776,104,501,0.00,0.00,0.00,0.00,100037,25.15,90.00
777,104,501,0.00,0.00,0.00,0.00,100031,25.14,90.00
778,104,503,0.00,-43480540.00,0.00,-90403.32,99962,24.87,90.00
779,105,507,0.00,0.00,0.00,0.00,100025,25.13,90.00
780,105,501,0.00,0.00,0.00,0.00,100032,25.11,90.00
781,105,507,0.00,0.00,0.00,0.00,100032,25.09,90.00
782,105,504,0.00,0.00,0.00,0.00,100035,25.09,89.00
783,104,502,0.00,0.00,0.00,0.00,100036,25.09,89.00
784,105,505,0.00,0.00,0.00,0.00,100036,25.08,89.00
785,105,501,0.00,0.00,0.00,0.00,100039,25.06,90.00
786,105,502,0.00,0.00,0.00,0.00,100041,25.06,90.00
787,105,502,0.00,0.00,0.00,0.00,100049,25.04,90.00
788,105,499,0.00,0.00,0.00,0.00,100042,25.04,90.00
789,105,506,0.00,0.00,0.00,0.00,100029,25.04,90.00
790,105,503,0.00,0.00,0.00,0.00,100018,25.02,90.00
791,105,501,0.00,0.00,0.00,0.00,100022,25.03,90.00
792,105,506,0.00,0.00,0.00,0.00,99998,25.01,90.00
793,105,504,0.00,0.00,0.00,0.00,99985,25.01,90.00
794,105,501,0.00,0.00,0.00,0.00,99969,25.00,90.00
795,104,503,0.00,0.00,0.00,0.00,99938,24.98,91.00
796,104,502,0.00,0.00,0.00,0.00,99921,24.98,91.00
797,104,505,0.00,0.00,0.00,0.00,99904,24.96,91.00
798,104,503,0.00,0.00,0.00,0.00,99911,24.96,91.00
799,104,503,0.00,0.00,0.00,0.00,99912,24.94,91.00
800,105,504,0.00,0.00,0.00,0.00,99924,24.92,91.00
801,105,503,0.00,0.00,0.00,0.00,99935,24.90,92.00
802,105,502,0.00,0.00,0.00,0.00,99953,24.90,92.00
803,105,501,0.00,0.00,0.00,0.00,99980,24.90,92.00
804,106,504,0.00,0.00,0.00,0.00,99944,24.64,92.00
805,106,503,0.00,0.00,0.00,0.00,100015,24.86,92.00
806,107,503,0.00,0.00,0.00,0.00,100030,24.85,93.00
807,107,502,0.00,0.00,0.00,0.00,100036,24.84,93.00
808,107,502,0.00,0.00,0.00,0.00,100024,24.84,93.00
809,107,503,0.00,0.00,0.00,0.00,100026,24.84,93.00
810,106,504,0.00,0.00,0.00,0.00,100031,24.82,93.00
811,106,504,0.00,0.00,0.00,0.00,100030,24.81,92.00
812,106,502,0.00,0.00,0.00,0.00,100054,24.81,92.00
813,106,503,0.00,0.00,0.00,0.00,100087,24.79,92.00
814,106,507,0.00,0.00,0.00,0.00,100095,24.79,92.00
815,105,503,0.00,0.00,0.00,0.00,100124,24.76,92.00
816,105,504,0.00,0.00,0.00,0.00,100143,24.77,92.00
817,104,503,0.00,0.00,0.00,0.00,100159,24.76,92.00
818,104,506,0.00,0.00,0.00,0.00,100175,24.76,92.00
819,105,502,0.00,0.00,0.00,0.00,100180,24.76,92.00
820,105,504,0.00,0.00,0.00,0.00,100168,24.74,92.00
821,105,504,0.00,0.00,0.00,0.00,100170,24.76,92.00
822,105,504,0.00,0.00,0.00,0.00,100171,24.73,92.00
823,106,503,0.00,0.00,0.00,0.00,100168,24.74,92.00
824,106,504,0.00,0.00,0.00,0.00,100166,24.73,127.00
825,106,504,0.00,0.00,0.00,0.00,100148,24.73,92.00
826,105,506,0.00,0.00,0.00,0.00,100142,24.71,92.00
827,106,505,0.00,0.00,0.00,0.00,100108,24.71,92.00
828,106,503,0.00,0.00,0.00,0.00,100081,24.70,92.00
829,106,501,0.00,0.00,0.00,0.00,99987,24.48,92.00
830,105,505,0.00,0.00,0.00,0.00,100010,24.69,92.00
831,105,502,0.00,0.00,0.00,0.00,99968,24.67,92.00
832,105,504,0.00,0.00,0.00,0.00,99923,24.68,92.00
833,105,504,0.00,0.00,0.00,0.00,99872,24.67,92.00
834,105,504,0.00,0.00,0.00,0.00,99841,24.67,92.00
835,105,501,0.00,0.00,0.00,0.00,99795,24.67,92.00
836,105,502,0.00,0.00,0.00,0.00,99770,24.67,92.00
837,105,502,0.00,0.00,0.00,0.00,99747,24.66,92.00
838,104,504,0.00,0.00,0.00,0.00,99744,24.67,92.00
839,105,505,0.00,0.00,0.00,0.00,99752,24.65,92.00
840,105,501,0.00,0.00,0.00,0.00,99778,24.65,92.00
841,105,502,0.00,0.00,0.00,0.00,99782,24.66,92.00
842,105,502,0.00,0.00,0.00,0.00,99789,24.65,92.00
843,105,503,0.00,0.00,0.00,0.00,99802,24.65,92.00
844,106,505,0.00,0.00,0.00,0.00,99804,24.64,92.00
845,106,502,0.00,0.00,0.00,0.00,99823,24.63,92.00
846,106,503,0.00,0.00,0.00,0.00,99831,24.62,92.00
847,106,506,0.00,0.00,0.00,0.00,99846,24.64,92.00
848,106,502,0.00,0.00,0.00,0.00,99857,24.63,92.00
849,106,503,0.00,0.00,0.00,0.00,99845,24.64,92.00
850,106,502,0.00,0.00,0.00,0.00,99837,24.62,92.00
851,106,504,0.00,0.00,0.00,0.00,99826,24.60,92.00
852,106,505,0.00,0.00,0.00,0.00,99823,24.62,92.00
853,106,503,0.00,0.00,0.00,0.00,99805,24.62,92.00
854,105,505,0.00,0.00,0.00,0.00,99781,24.61,92.00
855,105,500,0.00,0.00,0.00,0.00,99701,24.39,92.00
856,105,504,0.00,0.00,0.00,0.00,99725,24.61,92.00
857,105,504,0.00,0.00,0.00,0.00,99705,24.62,92.00
858,105,506,0.00,0.00,0.00,0.00,99683,24.62,92.00
859,105,507,0.00,0.00,0.00,0.00,99663,24.62,92.00
860,105,505,0.00,0.00,0.00,0.00,99648,24.62,92.00
861,105,506,0.00,0.00,0.00,0.00,99639,24.61,92.00
862,105,503,0.00,0.00,0.00,0.00,99644,24.59,91.00
863,105,505,0.00,0.00,0.00,0.00,99644,24.60,91.00
864,105,506,0.00,0.00,0.00,0.00,99655,24.62,91.00
865,105,505,0.00,0.00,0.00,0.00,99657,24.61,91.00
866,105,506,0.00,0.00,0.00,0.00,99659,24.61,91.00
867,105,504,0.00,0.00,0.00,0.00,99662,24.60,92.00
868,105,506,0.00,0.00,0.00,0.00,99676,24.61,91.00
869,106,504,0.00,0.00,0.00,0.00,99680,24.59,92.00
870,105,505,0.00,0.00,0.00,0.00,99706,24.59,91.00
871,105,502,0.00,0.00,0.00,0.00,99716,24.60,91.00
872,106,505,0.00,0.00,0.00,0.00,99736,24.61,91.00
873,105,503,0.00,0.00,0.00,0.00,99754,24.61,91.00
874,106,504,0.00,0.00,0.00,0.00,99760,24.61,91.00
875,105,506,0.00,0.00,0.00,0.00,99760,24.61,91.00
876,105,507,0.00,0.00,0.00,0.00,99762,24.61,91.00
877,105,502,0.00,0.00,0.00,0.00,99765,24.60,91.00
878,105,502,0.00,0.00,0.00,0.00,99781,24.61,91.00
879,105,505,0.00,0.00,0.00,0.00,99784,24.59,91.00
880,105,502,0.00,0.00,0.00,0.00,99791,24.59,91.00
881,104,505,0.00,0.00,0.00,0.00,99743,24.38,91.00
882,105,505,0.00,0.00,0.00,0.00,99803,24.59,91.00
883,104,505,0.00,0.00,0.00,0.00,99804,24.59,91.00
884,104,505,0.00,0.00,0.00,0.00,99813,24.59,91.00
885,104,505,0.00,0.00,0.00,0.00,99820,24.59,91.00
886,104,504,0.00,0.00,0.00,0.00,99831,24.59,91.00
887,105,503,0.00,0.00,0.00,0.00,99847,24.59,92.00
888,105,505,0.00,0.00,0.00,0.00,99852,24.59,92.00
889,105,504,0.00,0.00,0.00,0.00,99862,24.58,92.00
890,105,506,0.00,0.00,0.00,0.00,99856,24.59,92.00
891,105,503,0.00,0.00,0.00,0.00,99838,24.57,92.00
892,105,505,0.00,0.00,0.00,0.00,99818,24.57,92.00
893,105,505,0.00,0.00,0.00,0.00,99805,24.59,92.00
894,104,505,0.00,0.00,0.00,0.00,99771,24.56,92.00
895,104,505,0.00,0.00,0.00,0.00,99753,24.57,92.00
896,104,505,0.00,0.00,0.00,0.00,99747,24.58,92.00
897,104,505,0.00,0.00,0.00,0.00,99719,24.57,92.00
898,105,506,0.00,0.00,0.00,0.00,99711,24.56,92.00
899,105,503,0.00,0.00,0.00,0.00,99726,24.57,92.00
900,105,502,0.00,0.00,0.00,0.00,99743,24.56,92.00
901,105,502,0.00,0.00,0.00,0.00,99775,24.56,92.00
902,105,504,0.00,0.00,0.00,0.00,99793,24.56,92.00
903,106,505,0.00,0.00,0.00,0.00,99826,24.56,92.00
904,106,507,0.00,0.00,0.00,0.00,99839,24.56,92.00
905,106,505,0.00,0.00,0.00,0.00,99841,24.56,92.00
906,105,506,0.00,0.00,0.00,0.00,99783,24.34,92.00
907,106,503,0.00,0.00,0.00,0.00,99828,24.56,92.00
908,106,503,0.00,0.00,0.00,0.00,99824,24.57,92.00
909,106,505,0.00,0.00,0.00,0.00,99822,24.56,92.00
910,106,506,0.00,0.00,0.00,0.00,99824,24.56,92.00
911,106,507,0.00,0.00,0.00,0.00,99819,24.56,92.00
912,106,505,0.00,0.00,0.00,0.00,99793,24.56,92.00
913,106,504,0.00,0.00,0.00,0.00,99788,24.57,92.00
914,106,503,0.00,0.00,0.00,0.00,99778,24.57,92.00
915,106,505,0.00,0.00,0.00,0.00,99781,24.56,92.00
916,106,506,0.00,0.00,0.00,0.00,99782,24.56,92.00
917,106,502,0.00,0.00,0.00,0.00,99780,24.56,92.00
918,105,505,0.00,0.00,0.00,0.00,99785,24.56,92.00
919,105,508,0.00,0.00,0.00,0.00,99797,24.56,92.00
920,105,504,0.00,0.00,0.00,0.00,99787,24.57,92.00
921,105,506,0.00,0.00,0.00,0.00,99787,24.56,92.00
922,106,506,0.00,0.00,0.00,0.00,99784,24.56,92.00
923,107,505,0.00,0.00,0.00,0.00,99788,24.57,93.00
924,107,504,0.00,0.00,0.00,0.00,99785,24.56,93.00
925,107,506,0.00,0.00,0.00,0.00,99799,24.56,93.00
926,106,506,0.00,0.00,0.00,0.00,99824,24.56,92.00
927,107,505,0.00,0.00,0.00,0.00,99843,24.54,93.00
928,107,504,0.00,0.00,0.00,0.00,99878,24.54,93.00
929,107,508,0.00,0.00,0.00,0.00,99909,24.56,93.00
930,107,505,0.00,0.00,0.00,0.00,99932,24.54,93.00
931,108,507,0.00,0.00,0.00,0.00,99953,24.53,93.00
932,108,505,0.00,0.00,0.00,0.00,99919,24.31,93.00
933,108,505,0.00,0.00,0.00,0.00,99994,24.53,93.00
934,108,508,0.00,0.00,0.00,0.00,99998,24.53,93.00
935,108,507,0.00,0.00,0.00,0.00,100008,24.52,93.00
936,108,506,0.00,0.00,0.00,0.00,100019,24.53,93.00
937,108,509,0.00,0.00,0.00,0.00,100011,24.52,93.00
938,107,505,0.00,0.00,0.00,0.00,100014,24.52,93.00
939,107,508,0.00,0.00,0.00,0.00,100015,24.51,93.00
940,107,505,0.00,0.00,0.00,0.00,100024,24.51,93.00
941,107,508,0.00,0.00,0.00,0.00,100039,24.51,93.00
942,107,508,0.00,0.00,0.00,0.00,100038,24.51,93.00
943,107,510,0.00,0.00,0.00,0.00,100044,24.51,93.00
944,107,509,0.00,0.00,0.00,0.00,100066,24.51,93.00
945,107,506,0.00,0.00,0.00,0.00,100092,24.51,93.00
946,107,506,0.00,0.00,0.00,0.00,100121,24.51,127.00
947,107,509,0.00,0.00,0.00,0.00,100146,24.50,95.00
948,107,507,0.00,0.00,0.00,0.00,100168,24.51,94.00
949,107,509,0.00,0.00,0.00,0.00,100197,24.50,94.00
950,107,510,0.00,0.00,0.00,0.00,100218,24.50,94.00
951,108,510,0.00,0.00,0.00,0.00,100238,24.46,94.00
952,108,507,0.00,0.00,0.00,0.00,100268,24.48,94.00
953,108,507,0.00,0.00,0.00,0.00,100277,24.48,95.00
954,108,507,0.00,0.00,0.00,0.00,100295,24.48,95.00
955,108,506,0.00,0.00,0.00,0.00,100302,24.46,94.00
956,108,508,0.00,0.00,0.00,0.00,100315,24.48,95.00
957,108,510,0.00,0.00,0.00,0.00,100330,24.48,94.00
958,108,507,0.00,0.00,0.00,0.00,100285,24.23,94.00
959,108,507,0.00,0.00,0.00,0.00,100357,24.48,94.00
960,108,508,0.00,0.00,0.00,0.00,100378,24.46,94.00
961,108,506,0.00,0.00,0.00,0.00,100384,24.45,94.00
962,108,508,0.00,0.00,0.00,0.00,100397,24.44,95.00
963,108,510,0.00,0.00,0.00,0.00,100408,24.45,95.00
964,108,510,0.00,0.00,0.00,0.00,100420,24.43,94.00
965,107,508,0.00,0.00,0.00,0.00,100431,24.45,94.00
966,107,510,0.00,0.00,0.00,0.00,100450,24.45,94.00
967,107,506,0.00,0.00,0.00,0.00,100461,24.45,95.00
968,107,507,0.00,0.00,0.00,0.00,100475,24.42,95.00
969,107,508,0.00,0.00,0.00,0.00,100500,24.43,95.00
970,107,508,0.00,0.00,0.00,0.00,100523,24.42,95.00
971,107,509,0.00,0.00,0.00,0.00,100535,24.42,95.00
972,107,504,0.00,0.00,0.00,0.00,100565,24.42,95.00
973,107,509,0.00,0.00,0.00,0.00,100596,24.43,95.00
974,107,508,0.00,0.00,0.00,0.00,100625,24.43,94.00
975,107,505,0.00,0.00,0.00,0.00,100643,24.42,95.00
976,107,506,0.00,0.00,0.00,0.00,100665,24.42,95.00
977,107,508,0.00,0.00,0.00,0.00,100681,24.42,95.00
978,107,506,0.00,0.00,0.00,0.00,100695,24.42,95.00
979,107,507,0.00,0.00,0.00,0.00,100723,24.41,94.00
980,107,509,0.00,0.00,0.00,0.00,100745,24.42,94.00
981,107,506,0.00,0.00,0.00,0.00,100771,24.42,94.00
982,107,506,0.00,0.00,0.00,0.00,100786,24.42,94.00
983,107,508,0.00,0.00,0.00,0.00,100802,24.42,94.00
984,107,509,0.00,0.00,0.00,0.00,100769,24.19,94.00
985,106,509,0.00,0.00,0.00,0.00,100846,24.42,95.00
986,107,509,0.00,0.00,0.00,0.00,100857,24.43,94.00
987,106,511,0.00,0.00,0.00,0.00,100890,24.42,95.00
988,106,505,0.00,0.00,0.00,0.00,100910,24.45,94.00
989,106,508,0.00,0.00,0.00,0.00,100934,24.45,94.00
990,106,506,0.00,0.00,0.00,0.00,100956,24.46,94.00
991,106,506,0.00,0.00,0.00,0.00,100976,24.46,94.00
992,106,506,0.00,0.00,0.00,0.00,100993,24.46,93.00
993,106,509,0.00,0.00,0.00,0.00,101009,24.46,93.00
994,106,508,0.00,0.00,0.00,0.00,101015,24.46,93.00
995,106,509,0.00,0.00,0.00,0.00,101023,24.48,93.00
996,106,508,0.00,0.00,0.00,0.00,101018,24.48,93.00
997,106,508,0.00,0.00,0.00,0.00,101030,24.48,93.00
998,106,508,0.00,0.00,0.00,0.00,101035,24.50,93.00
999,106,510,0.00,0.00,0.00,0.00,101040,24.51,93.00
1000,105,511,0.00,0.00,0.00,0.00,101045,24.50,93.00
1001,105,508,0.00,0.00,0.00,0.00,101055,24.50,93.00
1002,105,510,0.00,0.00,0.00,0.00,101052,24.52,93.00
1003,105,505,0.00,0.00,0.00,0.00,101070,24.53,93.00
1004,105,509,0.00,0.00,0.00,0.00,101074,24.53,93.00
1005,105,508,0.00,0.00,0.00,0.00,101100,24.56,93.00
1006,105,509,0.00,0.00,0.00,0.00,101105,24.56,93.00
1007,105,510,0.00,0.00,0.00,0.00,101119,24.58,92.00
1008,105,510,0.00,0.00,0.00,0.00,101105,24.59,92.00
1009,105,509,0.00,0.00,0.00,0.00,101048,24.34,92.00
1010,107,507,0.00,0.00,0.00,0.00,101108,24.60,92.00
1011,116,510,0.00,0.00,0.00,0.00,101116,24.63,92.00
1012,119,512,0.00,0.00,0.00,0.00,101114,24.64,92.00
1013,120,513,0.00,0.00,0.00,0.00,101127,24.64,92.00
1014,121,516,0.00,0.00,0.00,0.00,101134,24.67,92.00
1015,122,514,0.00,0.00,0.00,0.00,101133,24.67,92.00
1016,140,523,0.00,0.00,0.00,0.00,101119,24.68,127.00
1017,152,527,0.00,0.00,0.00,0.00,101118,24.70,92.00
1018,158,529,0.00,0.00,0.00,0.00,101125,24.71,92.00
1019,172,539,0.00,0.00,0.00,0.00,101126,24.73,92.00
1020,184,542,0.00,0.00,0.00,0.00,101126,24.73,92.00
1021,189,543,0.00,0.00,0.00,0.00,101126,24.75,92.00
1022,188,544,0.00,0.00,0.00,0.00,101127,24.78,92.00
1023,184,541,0.00,0.00,0.00,0.00,101127,24.78,92.00
1024,182,542,0.00,0.00,0.00,0.00,101122,24.77,92.00
1025,180,541,0.00,0.00,0.00,0.00,101126,24.81,92.00
1026,178,540,0.00,0.00,0.00,0.00,101132,24.81,92.00
1027,176,540,0.00,0.00,0.00,0.00,101137,24.83,127.00
1028,174,541,0.00,0.00,0.00,0.00,101130,24.84,91.00
1029,172,540,0.00,0.00,0.00,0.00,101132,24.85,91.00
1030,169,534,0.00,0.00,0.00,0.00,101134,24.85,91.00
1031,168,537,0.00,0.00,0.00,0.00,101128,24.87,91.00
1032,170,539,0.00,0.00,0.00,0.00,101126,24.89,91.00
1033,170,539,0.00,0.00,0.00,0.00,101131,24.90,91.00
1034,168,535,0.00,0.00,0.00,0.00,101122,24.91,91.00
1035,167,535,0.00,0.00,0.00,0.00,101066,24.67,91.00
1036,169,535,0.00,0.00,0.00,0.00,101129,24.92,91.00
1037,171,536,0.00,0.00,0.00,0.00,101123,24.94,91.00
1038,169,538,0.00,0.00,0.00,0.00,101126,24.95,91.00
1039,170,537,0.00,0.00,0.00,0.00,101122,24.96,91.00
1040,174,539,0.00,0.00,0.00,0.00,101127,24.98,91.00
1041,176,537,0.00,0.00,0.00,0.00,101118,24.98,91.00
1042,179,542,0.00,0.00,0.00,0.00,101118,24.99,91.00
1043,183,542,0.00,0.00,0.00,0.00,101123,25.01,91.00
1044,180,542,0.00,0.00,0.00,0.00,101121,25.02,91.00
1045,181,541,0.00,0.00,0.00,0.00,101126,25.04,91.00
1046,181,542,0.00,0.00,0.00,0.00,101121,25.04,91.00
1047,180,542,0.00,0.00,0.00,0.00,101119,25.03,91.00
1048,179,539,0.00,0.00,0.00,0.00,101125,25.06,91.00
1049,177,536,0.00,0.00,0.00,0.00,101120,25.07,91.00
1050,175,539,0.00,0.00,0.00,0.00,101120,25.07,91.00
1051,175,537,0.00,0.00,0.00,0.00,101119,25.09,91.00
1052,175,540,0.00,0.00,0.00,0.00,101122,25.09,91.00
1053,169,535,0.00,0.00,0.00,0.00,101120,25.11,91.00
1054,162,535,0.00,0.00,0.00,0.00,101119,25.14,91.00
1055,156,532,0.00,0.00,0.00,0.00,101126,25.16,91.00
1056,152,528,0.00,0.00,0.00,0.00,101122,25.18,91.00
1057,149,527,0.00,0.00,0.00,0.00,101125,25.21,90.00
1058,145,526,0.00,0.00,0.00,0.00,101132,25.23,90.00
1059,142,525,0.00,0.00,0.00,0.00,101135,25.24,91.00
1060,141,521,0.00,0.00,0.00,0.00,101134,25.27,91.00
1061,139,522,0.00,0.00,0.00,0.00,101067,25.04,90.00
1062,140,523,0.00,0.00,0.00,0.00,101137,25.29,91.00
1063,141,526,0.00,0.00,0.00,0.00,101139,25.31,90.00
1064,141,523,0.00,0.00,0.00,0.00,101134,25.32,90.00
1065,141,524,0.00,0.00,0.00,0.00,101135,25.34,90.00
1066,142,526,0.00,0.00,0.00,0.00,101143,25.36,91.00
1067,141,526,0.00,0.00,0.00,0.00,101131,25.35,127.00
1068,147,528,0.00,0.00,0.00,0.00,101130,25.38,91.00
1069,153,528,0.00,0.00,0.00,0.00,101136,25.38,91.00
1070,157,531,0.00,0.00,0.00,0.00,101138,25.40,91.00
1071,160,531,0.00,0.00,0.00,0.00,101136,25.41,90.00
1072,164,535,0.00,0.00,0.00,0.00,101137,25.41,91.00
1073,170,538,0.00,0.00,0.00,0.00,101143,25.43,91.00
1074,173,535,0.00,0.00,0.00,0.00,101135,25.43,91.00
1075,174,537,0.00,0.00,0.00,0.00,101134,25.46,90.00
1076,173,536,0.00,0.00,0.00,0.00,101135,25.46,90.00
1077,171,539,0.00,0.00,0.00,0.00,101132,25.48,91.00
1078,174,538,0.00,0.00,0.00,0.00,101141,25.48,90.00
1079,175,539,0.00,0.00,0.00,0.00,101143,25.49,91.00
1080,173,535,0.00,0.00,0.00,0.00,101138,25.51,90.00
1081,173,538,0.00,0.00,0.00,0.00,101142,25.51,90.00
1082,171,540,0.00,0.00,0.00,0.00,101143,25.52,90.00
1083,173,541,0.00,0.00,0.00,0.00,101138,25.52,90.00
1084,179,544,0.00,0.00,0.00,0.00,101135,25.52,90.00
1085,181,541,0.00,0.00,0.00,0.00,101136,25.55,90.00
1086,182,543,0.00,0.00,0.00,0.00,101074,25.31,90.00
1087,184,545,0.00,0.00,0.00,0.00,101143,25.58,90.00
1088,187,543,0.00,0.00,0.00,0.00,101137,25.58,90.00
1089,186,544,0.00,0.00,0.00,0.00,101138,25.59,90.00
1090,183,543,0.00,0.00,0.00,0.00,101132,25.60,90.00
1091,179,543,0.00,0.00,0.00,0.00,101134,25.60,90.00
1092,175,542,0.00,0.00,0.00,0.00,101130,25.61,90.00
1093,168,537,0.00,0.00,0.00,0.00,101124,25.63,90.00
1094,161,536,0.00,0.00,0.00,0.00,101127,25.65,90.00
1095,157,533,0.00,0.00,0.00,0.00,101139,25.65,90.00
1096,154,530,0.00,0.00,0.00,0.00,101127,25.66,90.00
1097,152,530,0.00,0.00,0.00,0.00,101129,25.66,91.00
1098,153,532,0.00,0.00,0.00,0.00,101130,25.67,91.00
1099,153,531,0.00,0.00,0.00,0.00,101129,25.69,91.00
1100,149,531,0.00,0.00,0.00,0.00,101135,25.71,91.00
1101,144,527,0.00,0.00,0.00,0.00,101134,25.72,90.00
1102,139,525,0.00,0.00,0.00,0.00,101136,25.74,90.00
1103,136,523,0.00,0.00,0.00,0.00,101136,25.74,89.00
1104,134,520,0.00,0.00,0.00,0.00,101140,25.79,89.00
1105,132,519,0.00,0.00,0.00,0.00,101145,25.81,89.00
1106,130,521,0.00,0.00,0.00,0.00,101140,25.83,89.00
1107,131,520,0.00,0.00,0.00,0.00,101143,25.84,89.00
1108,135,522,0.00,0.00,0.00,0.00,101146,25.86,90.00
1109,133,523,0.00,0.00,0.00,0.00,101147,25.88,89.00
1110,130,521,0.00,0.00,0.00,0.00,101149,25.89,89.00
1111,127,523,0.00,0.00,0.00,0.00,101150,25.91,90.00
1112,125,520,0.00,0.00,0.00,0.00,101101,25.69,89.00
1113,123,521,0.00,0.00,0.00,0.00,101148,25.94,89.00
1114,122,518,0.00,0.00,0.00,0.00,101146,25.96,89.00
1115,120,517,0.00,0.00,0.00,0.00,101150,25.97,89.00
1116,118,516,0.00,0.00,0.00,0.00,101151,25.99,89.00
1117,116,514,0.00,0.00,0.00,0.00,101153,26.00,89.00
1118,115,513,0.00,0.00,0.00,0.00,101151,26.00,89.00
1119,114,513,0.00,0.00,0.00,0.00,101158,26.01,88.00
1120,112,517,0.00,0.00,0.00,0.00,101159,26.05,88.00
1121,112,515,0.00,0.00,0.00,0.00,101163,26.06,88.00
1122,111,514,0.00,0.00,0.00,0.00,101160,26.08,88.00
1123,111,514,0.00,0.00,0.00,0.00,101160,26.08,88.00
1124,110,515,0.00,0.00,0.00,0.00,101160,26.08,88.00
1125,109,514,0.00,0.00,0.00,0.00,101160,26.11,88.00
1126,109,512,0.00,0.00,0.00,0.00,101164,26.11,87.00
1127,109,514,0.00,0.00,0.00,0.00,101162,26.14,87.00
1128,108,514,0.00,0.00,0.00,0.00,101159,26.16,87.00
1129,108,511,0.00,0.00,0.00,0.00,101163,26.16,87.00
1130,108,512,0.00,0.00,0.00,0.00,101166,26.17,87.00
1131,107,514,0.00,0.00,0.00,0.00,101164,26.19,87.00
1132,107,514,0.00,0.00,0.00,0.00,101164,26.19,88.00
1133,107,515,0.00,0.00,0.00,0.00,101170,26.20,88.00
1134,107,515,0.00,0.00,0.00,0.00,101168,26.21,88.00
1135,107,511,0.00,0.00,0.00,0.00,101174,26.23,88.00
1136,107,511,0.00,0.00,0.00,0.00,101174,26.23,88.00
1137,106,512,0.00,0.00,0.00,0.00,101173,26.25,88.00
1138,106,513,0.00,0.00,0.00,0.00,101117,26.02,88.00
1139,106,512,0.00,0.00,0.00,0.00,101169,26.27,88.00
1140,105,513,0.00,0.00,0.00,0.00,101179,26.28,88.00
1141,105,512,0.00,0.00,0.00,0.00,101173,26.28,88.00
1142,105,513,0.00,0.00,0.00,0.00,101172,26.30,87.00
1143,105,513,0.00,0.00,0.00,0.00,101180,26.31,87.00
1144,104,513,0.00,0.00,0.00,0.00,101178,26.32,87.00
1145,104,510,0.00,0.00,0.00,0.00,101175,26.34,87.00
1146,104,511,0.00,0.00,0.00,0.00,101169,26.34,87.00
1147,104,512,0.00,0.00,0.00,0.00,101178,26.36,87.00
1148,103,511,0.00,0.00,0.00,0.00,101185,26.37,86.00
1149,103,512,0.00,0.00,0.00,0.00,101183,26.38,86.00
1150,103,511,0.00,0.00,0.00,0.00,101186,26.39,86.00
1151,103,510,0.00,0.00,0.00,0.00,101187,26.42,86.00
1152,103,511,0.00,0.00,0.00,0.00,101184,26.42,86.00
1153,103,513,0.00,0.00,0.00,0.00,101190,26.43,86.00
1154,103,513,0.00,0.00,0.00,0.00,101186,26.43,86.00
1155,103,514,0.00,0.00,0.00,0.00,101185,26.45,86.00
1156,103,513,0.00,0.00,0.00,0.00,101189,26.46,86.00
1157,103,513,0.00,0.00,0.00,0.00,101181,26.48,86.00
1158,103,510,0.00,0.00,0.00,0.00,101185,26.46,86.00
1159,103,513,0.00,0.00,0.00,0.00,101187,26.48,86.00
1160,103,510,0.00,0.00,0.00,0.00,101185,26.48,86.00
1161,103,510,0.00,0.00,0.00,0.00,101183,26.49,86.00
1162,103,514,0.00,0.00,0.00,0.00,101180,26.51,86.00
1163,104,514,0.00,0.00,0.00,0.00,101135,26.28,86.00
1164,104,513,0.00,0.00,0.00,0.00,101187,26.52,86.00
1165,104,514,0.00,0.00,0.00,0.00,101187,26.53,86.00
1166,104,515,0.00,0.00,0.00,0.00,101184,26.54,95.00
1167,104,514,0.00,0.00,0.00,0.00,101192,26.54,86.00
1168,104,512,0.00,0.00,0.00,0.00,101190,26.56,86.00
1169,104,511,0.00,0.00,0.00,0.00,101186,26.58,86.00
1170,105,513,0.00,0.00,0.00,0.00,101189,26.59,86.00
1171,105,511,0.00,0.00,0.00,0.00,101195,26.59,86.00
1172,105,509,0.00,0.00,0.00,0.00,101200,26.61,86.00
1173,105,515,0.00,0.00,0.00,0.00,101188,26.61,86.00
1174,106,513,0.00,0.00,0.00,0.00,101191,26.61,86.00
1175,106,514,0.00,0.00,0.00,0.00,101188,26.62,86.00
1176,107,517,0.00,0.00,0.00,0.00,101199,26.64,86.00
1177,107,512,0.00,0.00,0.00,0.00,101188,26.65,86.00
1178,107,514,0.00,0.00,0.00,0.00,101193,26.65,86.00
1179,107,516,0.00,0.00,0.00,0.00,101191,26.66,86.00
1180,107,513,0.00,0.00,0.00,0.00,101196,26.66,86.00
1181,107,514,0.00,0.00,0.00,0.00,101196,26.67,86.00
1182,107,514,0.00,0.00,0.00,0.00,101196,26.68,86.00
1183,107,513,0.00,0.00,0.00,0.00,101191,26.69,87.00
1184,107,513,0.00,0.00,0.00,0.00,101190,26.69,86.00
1185,107,510,0.00,0.00,0.00,0.00,101195,26.71,86.00
1186,107,517,0.00,0.00,0.00,0.00,101188,26.71,87.00
1187,108,515,0.00,0.00,0.00,0.00,101187,26.74,86.00
1188,108,514,0.00,0.00,0.00,0.00,101192,26.74,86.00
1189,108,512,0.00,0.00,0.00,0.00,101136,26.52,85.00
1190,108,513,0.00,0.00,0.00,0.00,101192,26.76,85.00
1191,108,513,0.00,0.00,0.00,0.00,101197,26.77,85.00
1192,108,516,0.00,0.00,0.00,0.00,101196,26.78,85.00
1193,108,517,0.00,0.00,0.00,0.00,101198,26.81,85.00
1194,108,518,0.00,0.00,0.00,0.00,101202,26.81,85.00
1195,108,512,0.00,0.00,0.00,0.00,101207,26.83,85.00
1196,108,516,0.00,0.00,0.00,0.00,101201,26.84,127.00
1197,108,517,0.00,0.00,0.00,0.00,101205,26.85,85.00
1198,108,515,0.00,0.00,0.00,0.00,101208,26.86,85.00
1199,108,512,0.00,0.00,0.00,0.00,101209,26.88,85.00
1200,108,515,0.00,0.00,0.00,0.00,101214,26.89,84.00
1201,108,517,0.00,0.00,0.00,0.00,101207,26.89,84.00
1202,108,515,0.00,0.00,0.00,0.00,101209,26.91,84.00
1203,108,517,0.00,0.00,0.00,0.00,101217,26.92,84.00
1204,108,515,0.00,0.00,0.00,0.00,101212,26.92,84.00
1205,107,513,0.00,0.00,0.00,0.00,101213,26.95,84.00
1206,107,514,0.00,0.00,0.00,0.00,101217,26.96,84.00
1207,108,514,0.00,0.00,0.00,0.00,101209,26.97,84.00
1208,108,515,0.00,0.00,0.00,0.00,101213,26.98,84.00
1209,107,515,0.00,0.00,0.00,0.00,101213,26.98,84.00
1210,107,516,0.00,0.00,0.00,0.00,101222,27.00,95.00
1211,107,516,0.00,0.00,0.00,0.00,101219,27.01,84.00
1212,107,517,0.00,0.00,0.00,0.00,101216,27.01,84.00
1213,107,513,0.00,0.00,0.00,0.00,101211,27.03,84.00
1214,106,512,0.00,0.00,0.00,0.00,101209,27.03,84.00
1215,106,514,0.00,0.00,0.00,0.00,101166,26.82,84.00
1216,106,513,0.00,0.00,0.00,0.00,101216,27.06,84.00
1217,106,516,0.00,0.00,0.00,0.00,101219,27.06,83.00
1218,106,515,0.00,0.00,0.00,0.00,101211,27.06,83.00
1219,106,513,0.00,0.00,0.00,0.00,101221,27.07,83.00
1220,106,517,0.00,0.00,0.00,0.00,101220,27.09,83.00
1221,106,515,0.00,0.00,0.00,0.00,101226,27.09,83.00
1222,106,515,0.00,0.00,0.00,0.00,101219,27.11,83.00
1223,106,517,0.00,0.00,0.00,0.00,101221,27.13,83.00
1224,106,518,0.00,0.00,0.00,0.00,101227,27.13,83.00
1225,105,514,0.00,0.00,0.00,0.00,101222,27.14,83.00
1226,105,515,0.00,0.00,0.00,0.00,101227,27.14,83.00
1227,105,517,0.00,0.00,0.00,0.00,101222,27.14,83.00
1228,105,513,0.00,0.00,0.00,0.00,101221,27.17,83.00
1229,105,514,0.00,0.00,0.00,0.00,101227,27.17,83.00
1230,105,514,0.00,0.00,0.00,0.00,101220,27.18,83.00
1231,105,514,0.00,0.00,0.00,0.00,101221,27.17,83.00
1232,105,516,0.00,0.00,0.00,0.00,101221,27.20,83.00
1233,105,513,0.00,0.00,0.00,0.00,101227,27.20,83.00
1234,105,514,0.00,0.00,0.00,0.00,101225,27.19,83.00
1235,105,514,0.00,0.00,0.00,0.00,101223,27.21,83.00
1236,105,516,0.00,0.00,0.00,0.00,101224,27.21,83.00
1237,104,515,0.00,0.00,0.00,0.00,101223,27.21,83.00
1238,104,513,0.00,0.00,0.00,0.00,101217,27.23,83.00
1239,104,516,0.00,0.00,0.00,0.00,101220,27.22,83.00
1240,104,512,0.00,0.00,0.00,0.00,101158,27.01,83.00
1241,104,517,0.00,0.00,0.00,0.00,101209,27.24,83.00
1242,105,516,0.00,0.00,0.00,0.00,101209,27.26,83.00
1243,105,513,0.00,0.00,0.00,0.00,101208,27.26,83.00
1244,105,513,0.00,0.00,0.00,0.00,101199,27.26,83.00
1245,105,515,0.00,0.00,0.00,0.00,101191,27.26,83.00
1246,105,516,0.00,0.00,0.00,0.00,101189,27.24,82.00
1247,105,518,0.00,0.00,0.00,0.00,101174,27.24,83.00
1248,105,516,0.00,0.00,0.00,0.00,101169,27.23,83.00
1249,105,518,0.00,0.00,0.00,0.00,101150,27.26,83.00
1250,105,516,0.00,0.00,0.00,0.00,101133,27.21,83.00
1251,105,514,0.00,0.00,0.00,0.00,101117,27.23,83.00
1252,105,516,0.00,0.00,0.00,0.00,101096,27.24,83.00
1253,105,517,0.00,0.00,0.00,0.00,101083,27.22,83.00
1254,105,516,0.00,0.00,0.00,0.00,101060,27.22,83.00
1255,105,515,0.00,0.00,0.00,0.00,101039,27.20,83.00
1256,105,512,0.00,0.00,0.00,0.00,101002,27.21,83.00
1257,106,516,0.00,0.00,0.00,0.00,100967,27.20,83.00
1258,106,515,0.00,0.00,0.00,0.00,100926,27.21,83.00
1259,106,515,0.00,0.00,0.00,0.00,100886,27.22,83.00
1260,107,516,0.00,0.00,0.00,0.00,100838,27.21,83.00
1261,107,517,0.00,0.00,0.00,0.00,100801,27.21,83.00
1262,107,514,0.00,0.00,0.00,0.00,100766,27.17,83.00
1263,107,513,0.00,0.00,0.00,0.00,100724,27.17,83.00
1264,108,518,0.00,0.00,0.00,0.00,100690,27.17,123.00
1265,108,517,0.00,0.00,0.00,0.00,100634,27.17,83.00
1266,108,514,0.00,0.00,0.00,0.00,100530,26.95,83.00
1267,108,513,0.00,0.00,0.00,0.00,100537,27.15,83.00
1268,107,516,0.00,0.00,0.00,0.00,100513,27.15,83.00
1269,108,519,0.00,0.00,0.00,0.00,100468,27.14,83.00
1270,108,517,0.00,0.00,0.00,0.00,100432,27.13,83.00
1271,108,518,0.00,0.00,0.00,0.00,100397,27.12,84.00
1272,108,519,0.00,0.00,0.00,0.00,100364,27.10,84.00
1273,109,514,0.00,0.00,0.00,0.00,100320,27.09,84.00
1274,108,514,0.00,0.00,0.00,0.00,100284,27.07,85.00
1275,108,518,0.00,0.00,0.00,0.00,100226,27.06,85.00
1276,109,513,0.00,0.00,0.00,0.00,100191,27.06,85.00
1277,109,514,0.00,0.00,0.00,0.00,100151,27.03,85.00
1278,109,516,0.00,0.00,0.00,0.00,100142,27.01,86.00
1279,108,519,0.00,0.00,0.00,0.00,100130,26.98,86.00
1280,109,520,0.00,0.00,0.00,0.00,100122,26.98,86.00
1281,109,517,0.00,0.00,0.00,0.00,100121,26.95,86.00
1282,110,515,0.00,0.00,0.00,0.00,100110,26.95,85.00
1283,110,516,0.00,0.00,0.00,0.00,100087,26.92,86.00
1284,110,515,0.00,0.00,0.00,0.00,100058,26.91,86.00
1285,110,516,0.00,0.00,0.00,0.00,100041,26.89,85.00
1286,111,513,0.00,0.00,0.00,0.00,99999,26.87,86.00
1287,111,514,0.00,0.00,0.00,0.00,99986,26.86,86.00
1288,112,516,0.00,0.00,0.00,0.00,99993,26.84,86.00
1289,111,519,0.00,0.00,0.00,0.00,100003,26.83,86.00
1290,110,514,0.00,0.00,0.00,0.00,100023,26.81,86.00
1291,109,516,0.00,0.00,0.00,0.00,100047,26.79,86.00
1292,109,515,0.00,0.00,0.00,0.00,100031,26.57,86.00
1293,110,517,0.00,0.00,0.00,0.00,100111,26.76,86.00
1294,110,518,0.00,0.00,0.00,0.00,100145,26.75,86.00
1295,110,518,0.00,0.00,0.00,0.00,100151,26.74,86.00
1296,110,520,0.00,0.00,0.00,0.00,100150,26.72,86.00
1297,111,516,0.00,0.00,0.00,0.00,100143,26.69,86.00
1298,111,516,0.00,0.00,0.00,0.00,100134,26.69,87.00
1299,111,517,0.00,0.00,0.00,0.00,100118,26.67,86.00
1300,111,519,0.00,0.00,0.00,0.00,100107,26.67,86.00
1301,111,516,0.00,0.00,0.00,0.00,100095,26.63,86.00
1302,111,518,0.00,0.00,0.00,0.00,100080,26.63,86.00
1303,111,518,0.00,0.00,0.00,0.00,100075,26.62,86.00
1304,111,516,0.00,0.00,0.00,0.00,100066,26.60,86.00
1305,110,518,0.00,0.00,0.00,0.00,100050,26.59,86.00
1306,110,516,0.00,0.00,0.00,0.00,100051,26.59,86.00
1307,111,517,0.00,0.00,0.00,0.00,100052,26.57,86.00
1308,111,520,0.00,0.00,0.00,0.00,100038,26.55,86.00
1309,111,519,0.00,0.00,0.00,0.00,100031,26.54,86.00
1310,111,520,0.00,0.00,0.00,0.00,100021,26.54,86.00
1311,111,519,0.00,0.00,0.00,0.00,100001,26.53,86.00
1312,111,516,0.00,0.00,0.00,0.00,99986,26.52,86.00
1313,111,517,0.00,0.00,0.00,0.00,99958,26.49,86.00
1314,111,519,0.00,0.00,0.00,0.00,99938,26.48,86.00
1315,111,518,0.00,0.00,0.00,0.00,99916,26.48,87.00
1316,111,518,0.00,0.00,0.00,0.00,99885,26.46,87.00
1317,111,518,0.00,-83325648.00,0.00,-173247.98,99809,26.21,87.00
1318,110,517,0.00,0.00,0.00,0.00,99857,26.43,87.00
1319,110,518,0.00,0.00,0.00,0.00,99856,26.42,87.00
1320,109,519,0.00,0.00,0.00,0.00,99867,26.42,87.00
1321,109,516,0.00,0.00,0.00,0.00,99867,26.39,87.00
1322,109,518,0.00,0.00,0.00,0.00,99883,26.39,87.00
1323,108,519,0.00,0.00,0.00,0.00,99879,26.39,87.00
1324,108,519,0.00,0.00,0.00,0.00,99877,26.36,87.00
1325,108,515,0.00,0.00,0.00,0.00,99876,26.36,87.00
1326,108,515,0.00,0.00,0.00,0.00,99877,26.34,87.00
1327,108,517,0.00,0.00,0.00,0.00,99869,26.33,88.00
1328,108,518,0.00,0.00,0.00,0.00,99880,26.31,88.00
1329,108,515,0.00,0.00,0.00,0.00,99890,26.31,88.00
1330,107,516,0.00,0.00,0.00,0.00,99905,26.28,88.00
1331,106,517,0.00,0.00,0.00,0.00,99911,26.26,88.00
1332,107,516,0.00,0.00,0.00,0.00,99934,26.24,88.00
1333,107,516,0.00,0.00,0.00,0.00,99941,26.23,89.00
1334,107,518,0.00,0.00,0.00,0.00,99962,26.21,89.00
1335,107,519,0.00,0.00,0.00,0.00,99966,26.19,89.00
1336,107,519,0.00,0.00,0.00,0.00,99971,26.17,89.00
1337,107,515,0.00,0.00,0.00,0.00,99964,26.17,89.00
1338,107,516,0.00,0.00,0.00,0.00,99948,26.17,89.00
1339,107,518,0.00,0.00,0.00,0.00,99958,26.16,89.00
1340,107,517,0.00,0.00,0.00,0.00,99950,26.13,89.00
1341,107,519,0.00,0.00,0.00,0.00,99956,26.11,89.00
1342,107,517,0.00,0.00,0.00,0.00,99956,26.11,89.00
1343,107,519,0.00,0.00,0.00,0.00,99910,25.88,89.00
1344,106,515,0.00,0.00,0.00,0.00,99951,26.06,89.00
1345,107,516,0.00,0.00,0.00,0.00,99952,26.06,90.00
1346,107,520,0.00,0.00,0.00,0.00,99945,26.06,90.00
1347,107,520,0.00,0.00,0.00,0.00,99949,26.05,90.00
1348,107,516,0.00,0.00,0.00,0.00,99946,26.02,90.00
1349,107,519,0.00,0.00,0.00,0.00,99938,26.01,90.00
1350,107,519,0.00,0.00,0.00,0.00,99937,26.00,90.00
1351,107,515,0.00,0.00,0.00,0.00,99927,26.00,90.00
1352,107,517,0.00,0.00,0.00,0.00,99923,25.97,90.00
1353,107,516,0.00,0.00,0.00,0.00,99904,25.94,90.00
1354,107,518,0.00,0.00,0.00,0.00,99890,25.96,91.00
1355,107,521,0.00,0.00,0.00,0.00,99886,25.94,91.00
1356,107,518,0.00,0.00,0.00,0.00,99870,25.94,91.00
1357,106,516,0.00,0.00,0.00,0.00,99869,25.91,91.00
1358,106,515,0.00,0.00,0.00,0.00,99874,25.89,91.00
1359,106,518,0.00,0.00,0.00,0.00,99886,25.88,91.00
1360,107,520,0.00,0.00,0.00,0.00,99910,25.86,91.00
1361,106,516,0.00,0.00,0.00,0.00,99920,25.86,91.00
1362,106,516,0.00,0.00,0.00,0.00,99929,25.86,91.00
1363,105,520,0.00,0.00,0.00,0.00,99934,25.83,91.00
1364,105,518,0.00,0.00,0.00,0.00,99941,25.83,91.00
1365,106,518,0.00,0.00,0.00,0.00,99959,25.82,91.00
1366,106,519,0.00,0.00,0.00,0.00,99975,25.80,91.00
1367,106,518,0.00,0.00,0.00,0.00,99995,25.79,91.00
1368,106,517,0.00,0.00,0.00,0.00,100016,25.79,91.00
1369,106,518,0.00,0.00,0.00,0.00,99993,25.55,91.00
1370,106,516,0.00,0.00,0.00,0.00,100085,25.76,91.00
1371,106,518,0.00,0.00,0.00,0.00,100109,25.76,91.00
1372,107,516,0.00,0.00,0.00,0.00,100135,25.74,91.00
1373,107,517,0.00,0.00,0.00,0.00,100149,25.72,91.00
1374,108,519,0.00,0.00,0.00,0.00,100162,25.73,91.00
1375,108,520,0.00,0.00,0.00,0.00,100165,25.72,91.00
1376,109,517,0.00,0.00,0.00,0.00,100159,25.71,92.00
1377,109,518,0.00,0.00,0.00,0.00,100142,25.71,93.00
1378,109,518,0.00,0.00,0.00,0.00,100126,25.71,92.00
1379,109,517,0.00,0.00,0.00,0.00,100091,25.71,92.00
1380,109,520,0.00,0.00,0.00,0.00,100073,25.68,92.00
1381,108,518,0.00,0.00,0.00,0.00,100044,25.69,92.00
1382,108,517,0.00,0.00,0.00,0.00,100011,25.66,92.00
1383,108,520,0.00,0.00,0.00,0.00,99982,25.67,91.00
1384,108,521,0.00,0.00,0.00,0.00,99962,25.66,91.00
1385,108,518,0.00,0.00,0.00,0.00,99923,25.65,91.00
1386,109,519,0.00,0.00,0.00,0.00,99881,25.64,92.00
1387,109,519,0.00,0.00,0.00,0.00,99832,25.64,92.00
1388,109,521,0.00,0.00,0.00,0.00,99781,25.64,91.00
1389,109,521,0.00,0.00,0.00,0.00,99745,25.65,91.00
1390,109,519,0.00,0.00,0.00,0.00,99687,25.64,91.00
1391,109,517,0.00,0.00,0.00,0.00,99646,25.64,91.00
1392,108,522,0.00,0.00,0.00,0.00,99602,25.63,91.00
1393,107,518,0.00,0.00,0.00,0.00,99575,25.63,90.00
1394,107,520,0.00,0.00,0.00,0.00,99490,25.41,90.00
1395,106,517,0.00,0.00,0.00,0.00,99519,25.63,90.00
1396,107,518,0.00,0.00,0.00,0.00,99502,25.63,90.00
1397,107,520,0.00,0.00,0.00,0.00,99483,25.63,90.00
1398,107,521,0.00,0.00,0.00,0.00,99462,25.61,90.00
1399,107,516,0.00,0.00,0.00,0.00,99448,25.60,90.00
1400,106,518,0.00,0.00,0.00,0.00,99440,25.59,90.00
1401,107,517,0.00,0.00,0.00,0.00,99426,25.59,90.00
1402,106,520,0.00,0.00,0.00,0.00,99429,25.59,90.00
1403,107,517,0.00,0.00,0.00,0.00,99425,25.59,90.00
1404,107,519,0.00,0.00,0.00,0.00,99428,25.59,91.00
1405,107,520,0.00,0.00,0.00,0.00,99431,25.58,91.00
1406,107,519,0.00,0.00,0.00,0.00,99447,25.58,91.00
1407,108,520,0.00,0.00,0.00,0.00,99457,25.59,91.00
1408,108,519,0.00,0.00,0.00,0.00,99480,25.56,91.00
1409,107,519,0.00,0.00,0.00,0.00,99490,25.58,91.00
1410,107,521,0.00,0.00,0.00,0.00,99502,25.58,91.00
1411,107,520,0.00,0.00,0.00,0.00,99516,25.58,91.00
1412,107,518,0.00,0.00,0.00,0.00,99509,25.55,91.00
1413,107,520,0.00,0.00,0.00,0.00,99509,25.57,91.00
1414,107,521,0.00,0.00,0.00,0.00,99510,25.56,91.00
1415,106,518,0.00,0.00,0.00,0.00,99518,25.54,91.00
1416,106,520,0.00,0.00,0.00,0.00,99513,25.54,91.00
1417,105,519,0.00,0.00,0.00,0.00,99516,25.54,91.00
1418,106,518,0.00,0.00,0.00,0.00,99522,25.54,91.00
1419,106,518,0.00,0.00,0.00,0.00,99525,25.54,91.00
1420,105,518,0.00,0.00,0.00,0.00,99474,25.32,91.00
1421,105,520,0.00,0.00,0.00,0.00,99533,25.53,91.00
1422,105,521,0.00,0.00,0.00,0.00,99532,25.52,91.00
1423,106,517,0.00,0.00,0.00,0.00,99529,25.51,91.00
1424,106,518,0.00,0.00,0.00,0.00,99527,25.52,91.00
1425,106,519,0.00,0.00,0.00,0.00,99521,25.51,91.00
1426,106,519,0.00,0.00,0.00,0.00,99520,25.49,91.00
1427,106,521,0.00,0.00,0.00,0.00,99507,25.51,91.00
1428,106,521,0.00,0.00,0.00,0.00,99506,25.51,91.00
1429,106,520,0.00,0.00,0.00,0.00,99484,25.51,91.00
1430,106,521,0.00,0.00,0.00,0.00,99463,25.51,91.00
1431,106,519,0.00,0.00,0.00,0.00,99437,25.49,91.00
1432,105,520,0.00,0.00,0.00,0.00,99419,25.49,91.00
1433,105,520,0.00,0.00,0.00,0.00,99396,25.49,91.00
1434,105,522,0.00,0.00,0.00,0.00,99378,25.49,91.00
1435,105,522,0.00,0.00,0.00,0.00,99373,25.48,91.00
1436,106,519,0.00,0.00,0.00,0.00,99407,25.48,91.00
1437,105,520,0.00,0.00,0.00,0.00,99439,25.48,91.00
1438,105,520,0.00,0.00,0.00,0.00,99474,25.46,91.00
1439,105,518,0.00,0.00,0.00,0.00,99510,25.48,91.00
1440,105,522,0.00,0.00,0.00,0.00,99516,25.48,91.00
1441,105,520,0.00,0.00,0.00,0.00,99524,25.46,91.00
1442,105,520,0.00,0.00,0.00,0.00,99536,25.46,91.00
1443,105,519,0.00,0.00,0.00,0.00,99514,25.46,91.00
1444,105,523,0.00,0.00,0.00,0.00,99512,25.46,91.00
1445,106,518,0.00,0.00,0.00,0.00,99494,25.46,91.00
1446,105,517,0.00,0.00,0.00,0.00,99426,25.24,91.00
1447,105,519,0.00,0.00,0.00,0.00,99448,25.45,91.00
1448,105,519,0.00,0.00,0.00,0.00,99416,25.44,91.00
1449,105,521,0.00,0.00,0.00,0.00,99393,25.44,91.00
1450,105,520,0.00,0.00,0.00,0.00,99370,25.42,91.00
1451,106,522,0.00,0.00,0.00,0.00,99360,25.45,91.00
1452,105,521,0.00,0.00,0.00,0.00,99326,25.42,91.00
1453,105,519,0.00,0.00,0.00,0.00,99317,25.42,91.00
1454,106,521,0.00,0.00,0.00,0.00,99295,25.41,92.00
1455,106,518,0.00,0.00,0.00,0.00,99283,25.41,92.00
1456,106,521,0.00,0.00,0.00,0.00,99277,25.41,91.00
1457,106,522,0.00,0.00,0.00,0.00,99265,25.42,91.00
1458,106,521,0.00,0.00,0.00,0.00,99255,25.41,92.00
1459,106,521,0.00,0.00,0.00,0.00,99245,25.42,92.00
1460,106,522,0.00,0.00,0.00,0.00,99240,25.40,92.00
1461,106,523,0.00,0.00,0.00,0.00,99242,25.41,92.00
1462,105,518,0.00,0.00,0.00,0.00,99246,25.39,92.00
1463,105,523,0.00,0.00,0.00,0.00,99252,25.39,92.00
1464,105,520,0.00,0.00,0.00,0.00,99268,25.38,92.00
1465,105,521,0.00,0.00,0.00,0.00,99290,25.40,92.00
1466,105,523,0.00,0.00,0.00,0.00,99300,25.38,92.00
1467,105,523,0.00,0.00,0.00,0.00,99326,25.38,92.00
1468,105,519,0.00,0.00,0.00,0.00,99354,25.38,92.00
1469,105,521,0.00,0.00,0.00,0.00,99366,25.36,92.00
1470,105,523,0.00,0.00,0.00,0.00,99385,25.38,92.00
1471,105,523,0.00,0.00,0.00,0.00,99344,25.14,92.00
1472,105,524,0.00,0.00,0.00,0.00,99396,25.35,92.00
1473,105,524,0.00,0.00,0.00,0.00,99386,25.36,92.00
1474,105,521,0.00,0.00,0.00,0.00,99387,25.35,92.00
1475,104,523,0.00,0.00,0.00,0.00,99379,25.36,92.00
1476,104,520,0.00,0.00,0.00,0.00,99403,25.35,92.00
1477,104,521,0.00,0.00,0.00,0.00,99421,25.35,92.00
1478,104,524,0.00,0.00,0.00,0.00,99439,25.34,92.00
1479,104,524,0.00,0.00,0.00,0.00,99468,25.35,92.00
1480,104,521,0.00,0.00,0.00,0.00,99495,25.34,92.00
1481,104,525,0.00,0.00,0.00,0.00,99517,25.34,92.00
1482,103,524,0.00,0.00,0.00,0.00,99545,25.35,92.00
1483,103,523,0.00,0.00,0.00,0.00,99557,25.32,92.00
1484,103,527,0.00,0.00,0.00,0.00,99573,25.33,92.00
1485,103,522,0.00,0.00,0.00,0.00,99593,25.33,92.00
1486,102,525,0.00,0.00,0.00,0.00,99608,25.33,93.00
1487,102,526,0.00,0.00,0.00,0.00,99616,25.31,93.00
1488,102,529,0.00,0.00,0.00,0.00,99616,25.31,93.00
1489,101,528,0.00,0.00,0.00,0.00,99620,25.32,93.00
